area,year,p0005
三ヶ日地区,2007,640
三ヶ日地区,2008,651
三ヶ日地区,2009,637
三ヶ日地区,2010,625
三ヶ日地区,2011,624
三ヶ日地区,2012,621
三ヶ日地区,2013,615
三ヶ日地区,2014,605
三ヶ日地区,2015,591
三ヶ日地区,2016,580
三ヶ日地区,2017,536
三ヶ日地区,2018,551
三ヶ日地区,2019,548
三ヶ日地区,2020,506
三ヶ日地区,2021,485
三ヶ日地区,2022,449
三ヶ日地区,2023,407
三ヶ日地区,2024,386
三ヶ日地区,2025,348
三ヶ日町宇志,2007,32
三ヶ日町宇志,2008,33
三ヶ日町宇志,2009,34
三ヶ日町宇志,2010,37
三ヶ日町宇志,2011,33
三ヶ日町宇志,2012,33
三ヶ日町宇志,2013,33
三ヶ日町宇志,2014,33
三ヶ日町宇志,2015,30
三ヶ日町宇志,2016,28
三ヶ日町宇志,2017,27
三ヶ日町宇志,2018,29
三ヶ日町宇志,2019,31
三ヶ日町宇志,2020,19
三ヶ日町宇志,2021,18
三ヶ日町宇志,2022,27
三ヶ日町宇志,2023,24
三ヶ日町宇志,2024,24
三ヶ日町宇志,2025,23
三ヶ日町大崎,2007,33
三ヶ日町大崎,2008,40
三ヶ日町大崎,2009,29
三ヶ日町大崎,2010,32
三ヶ日町大崎,2011,44
三ヶ日町大崎,2012,41
三ヶ日町大崎,2013,40
三ヶ日町大崎,2014,39
三ヶ日町大崎,2015,45
三ヶ日町大崎,2016,46
三ヶ日町大崎,2017,45
三ヶ日町大崎,2018,49
三ヶ日町大崎,2019,45
三ヶ日町大崎,2020,44
三ヶ日町大崎,2021,35
三ヶ日町大崎,2022,33
三ヶ日町大崎,2023,26
三ヶ日町大崎,2024,20
三ヶ日町大崎,2025,16
三ヶ日町大谷,2007,30
三ヶ日町大谷,2008,32
三ヶ日町大谷,2009,33
三ヶ日町大谷,2010,26
三ヶ日町大谷,2011,27
三ヶ日町大谷,2012,25
三ヶ日町大谷,2013,24
三ヶ日町大谷,2014,29
三ヶ日町大谷,2015,32
三ヶ日町大谷,2016,30
三ヶ日町大谷,2017,28
三ヶ日町大谷,2018,30
三ヶ日町大谷,2019,27
三ヶ日町大谷,2020,20
三ヶ日町大谷,2021,19
三ヶ日町大谷,2022,14
三ヶ日町大谷,2023,12
三ヶ日町大谷,2024,12
三ヶ日町大谷,2025,6
三ヶ日町岡本,2007,40
三ヶ日町岡本,2008,47
三ヶ日町岡本,2009,45
三ヶ日町岡本,2010,47
三ヶ日町岡本,2011,41
三ヶ日町岡本,2012,39
三ヶ日町岡本,2013,37
三ヶ日町岡本,2014,44
三ヶ日町岡本,2015,36
三ヶ日町岡本,2016,46
三ヶ日町岡本,2017,40
三ヶ日町岡本,2018,42
三ヶ日町岡本,2019,37
三ヶ日町岡本,2020,28
三ヶ日町岡本,2021,28
三ヶ日町岡本,2022,25
三ヶ日町岡本,2023,24
三ヶ日町岡本,2024,27
三ヶ日町岡本,2025,32
三ヶ日町上尾奈,2007,8
三ヶ日町上尾奈,2008,11
三ヶ日町上尾奈,2009,11
三ヶ日町上尾奈,2010,13
三ヶ日町上尾奈,2011,10
三ヶ日町上尾奈,2012,13
三ヶ日町上尾奈,2013,15
三ヶ日町上尾奈,2014,14
三ヶ日町上尾奈,2015,11
三ヶ日町上尾奈,2016,10
三ヶ日町上尾奈,2017,12
三ヶ日町上尾奈,2018,10
三ヶ日町上尾奈,2019,7
三ヶ日町上尾奈,2020,5
三ヶ日町上尾奈,2021,7
三ヶ日町上尾奈,2022,6
三ヶ日町上尾奈,2023,5
三ヶ日町上尾奈,2024,5
三ヶ日町上尾奈,2025,3
三ヶ日町駒場,2007,13
三ヶ日町駒場,2008,12
三ヶ日町駒場,2009,12
三ヶ日町駒場,2010,12
三ヶ日町駒場,2011,10
三ヶ日町駒場,2012,13
三ヶ日町駒場,2013,8
三ヶ日町駒場,2014,4
三ヶ日町駒場,2015,5
三ヶ日町駒場,2016,3
三ヶ日町駒場,2017,3
三ヶ日町駒場,2018,2
三ヶ日町駒場,2019,4
三ヶ日町駒場,2020,5
三ヶ日町駒場,2021,7
三ヶ日町駒場,2022,7
三ヶ日町駒場,2023,5
三ヶ日町駒場,2024,5
三ヶ日町駒場,2025,6
三ヶ日町佐久米,2007,13
三ヶ日町佐久米,2008,15
三ヶ日町佐久米,2009,16
三ヶ日町佐久米,2010,14
三ヶ日町佐久米,2011,13
三ヶ日町佐久米,2012,17
三ヶ日町佐久米,2013,13
三ヶ日町佐久米,2014,13
三ヶ日町佐久米,2015,17
三ヶ日町佐久米,2016,16
三ヶ日町佐久米,2017,17
三ヶ日町佐久米,2018,13
三ヶ日町佐久米,2019,13
三ヶ日町佐久米,2020,12
三ヶ日町佐久米,2021,10
三ヶ日町佐久米,2022,8
三ヶ日町佐久米,2023,7
三ヶ日町佐久米,2024,8
三ヶ日町佐久米,2025,4
三ヶ日町下尾奈,2007,39
三ヶ日町下尾奈,2008,44
三ヶ日町下尾奈,2009,48
三ヶ日町下尾奈,2010,40
三ヶ日町下尾奈,2011,37
三ヶ日町下尾奈,2012,36
三ヶ日町下尾奈,2013,42
三ヶ日町下尾奈,2014,38
三ヶ日町下尾奈,2015,33
三ヶ日町下尾奈,2016,37
三ヶ日町下尾奈,2017,35
三ヶ日町下尾奈,2018,37
三ヶ日町下尾奈,2019,35
三ヶ日町下尾奈,2020,36
三ヶ日町下尾奈,2021,26
三ヶ日町下尾奈,2022,26
三ヶ日町下尾奈,2023,28
三ヶ日町下尾奈,2024,29
三ヶ日町下尾奈,2025,21
三ヶ日町只木,2007,19
三ヶ日町只木,2008,20
三ヶ日町只木,2009,23
三ヶ日町只木,2010,18
三ヶ日町只木,2011,17
三ヶ日町只木,2012,15
三ヶ日町只木,2013,15
三ヶ日町只木,2014,17
三ヶ日町只木,2015,19
三ヶ日町只木,2016,22
三ヶ日町只木,2017,23
三ヶ日町只木,2018,23
三ヶ日町只木,2019,26
三ヶ日町只木,2020,25
三ヶ日町只木,2021,22
三ヶ日町只木,2022,15
三ヶ日町只木,2023,12
三ヶ日町只木,2024,12
三ヶ日町只木,2025,6
三ヶ日町都筑,2007,94
三ヶ日町都筑,2008,95
三ヶ日町都筑,2009,97
三ヶ日町都筑,2010,91
三ヶ日町都筑,2011,94
三ヶ日町都筑,2012,87
三ヶ日町都筑,2013,86
三ヶ日町都筑,2014,80
三ヶ日町都筑,2015,84
三ヶ日町都筑,2016,84
三ヶ日町都筑,2017,80
三ヶ日町都筑,2018,88
三ヶ日町都筑,2019,86
三ヶ日町都筑,2020,78
三ヶ日町都筑,2021,80
三ヶ日町都筑,2022,77
三ヶ日町都筑,2023,84
三ヶ日町都筑,2024,77
三ヶ日町都筑,2025,71
三ヶ日町津々崎,2007,24
三ヶ日町津々崎,2008,15
三ヶ日町津々崎,2009,17
三ヶ日町津々崎,2010,18
三ヶ日町津々崎,2011,19
三ヶ日町津々崎,2012,23
三ヶ日町津々崎,2013,21
三ヶ日町津々崎,2014,21
三ヶ日町津々崎,2015,19
三ヶ日町津々崎,2016,17
三ヶ日町津々崎,2017,10
三ヶ日町津々崎,2018,8
三ヶ日町津々崎,2019,8
三ヶ日町津々崎,2020,7
三ヶ日町津々崎,2021,7
三ヶ日町津々崎,2022,6
三ヶ日町津々崎,2023,7
三ヶ日町津々崎,2024,3
三ヶ日町津々崎,2025,2
三ヶ日町釣,2007,13
三ヶ日町釣,2008,14
三ヶ日町釣,2009,15
三ヶ日町釣,2010,10
三ヶ日町釣,2011,10
三ヶ日町釣,2012,9
三ヶ日町釣,2013,11
三ヶ日町釣,2014,10
三ヶ日町釣,2015,8
三ヶ日町釣,2016,8
三ヶ日町釣,2017,9
三ヶ日町釣,2018,6
三ヶ日町釣,2019,4
三ヶ日町釣,2020,3
三ヶ日町釣,2021,5
三ヶ日町釣,2022,6
三ヶ日町釣,2023,3
三ヶ日町釣,2024,6
三ヶ日町釣,2025,5
三ヶ日町鵺代,2007,41
三ヶ日町鵺代,2008,41
三ヶ日町鵺代,2009,43
三ヶ日町鵺代,2010,46
三ヶ日町鵺代,2011,46
三ヶ日町鵺代,2012,43
三ヶ日町鵺代,2013,38
三ヶ日町鵺代,2014,34
三ヶ日町鵺代,2015,33
三ヶ日町鵺代,2016,28
三ヶ日町鵺代,2017,33
三ヶ日町鵺代,2018,29
三ヶ日町鵺代,2019,32
三ヶ日町鵺代,2020,33
三ヶ日町鵺代,2021,35
三ヶ日町鵺代,2022,32
三ヶ日町鵺代,2023,33
三ヶ日町鵺代,2024,29
三ヶ日町鵺代,2025,29
三ヶ日町日比沢,2007,15
三ヶ日町日比沢,2008,16
三ヶ日町日比沢,2009,20
三ヶ日町日比沢,2010,22
三ヶ日町日比沢,2011,25
三ヶ日町日比沢,2012,28
三ヶ日町日比沢,2013,28
三ヶ日町日比沢,2014,28
三ヶ日町日比沢,2015,33
三ヶ日町日比沢,2016,27
三ヶ日町日比沢,2017,27
三ヶ日町日比沢,2018,33
三ヶ日町日比沢,2019,34
三ヶ日町日比沢,2020,31
三ヶ日町日比沢,2021,24
三ヶ日町日比沢,2022,23
三ヶ日町日比沢,2023,18
三ヶ日町日比沢,2024,13
三ヶ日町日比沢,2025,12
三ヶ日町平山,2007,42
三ヶ日町平山,2008,41
三ヶ日町平山,2009,33
三ヶ日町平山,2010,33
三ヶ日町平山,2011,32
三ヶ日町平山,2012,30
三ヶ日町平山,2013,32
三ヶ日町平山,2014,28
三ヶ日町平山,2015,27
三ヶ日町平山,2016,29
三ヶ日町平山,2017,22
三ヶ日町平山,2018,19
三ヶ日町平山,2019,21
三ヶ日町平山,2020,21
三ヶ日町平山,2021,26
三ヶ日町平山,2022,21
三ヶ日町平山,2023,16
三ヶ日町平山,2024,15
三ヶ日町平山,2025,12
三ヶ日町福長,2007,34
三ヶ日町福長,2008,34
三ヶ日町福長,2009,31
三ヶ日町福長,2010,37
三ヶ日町福長,2011,41
三ヶ日町福長,2012,37
三ヶ日町福長,2013,43
三ヶ日町福長,2014,44
三ヶ日町福長,2015,49
三ヶ日町福長,2016,43
三ヶ日町福長,2017,38
三ヶ日町福長,2018,35
三ヶ日町福長,2019,31
三ヶ日町福長,2020,25
三ヶ日町福長,2021,17
三ヶ日町福長,2022,16
三ヶ日町福長,2023,12
三ヶ日町福長,2024,14
三ヶ日町福長,2025,15
三ヶ日町本坂,2007,15
三ヶ日町本坂,2008,14
三ヶ日町本坂,2009,13
三ヶ日町本坂,2010,15
三ヶ日町本坂,2011,16
三ヶ日町本坂,2012,15
三ヶ日町本坂,2013,15
三ヶ日町本坂,2014,10
三ヶ日町本坂,2015,8
三ヶ日町本坂,2016,9
三ヶ日町本坂,2017,8
三ヶ日町本坂,2018,14
三ヶ日町本坂,2019,14
三ヶ日町本坂,2020,16
三ヶ日町本坂,2021,20
三ヶ日町本坂,2022,18
三ヶ日町本坂,2023,18
三ヶ日町本坂,2024,19
三ヶ日町本坂,2025,18
三ヶ日町摩訶耶,2007,26
三ヶ日町摩訶耶,2008,25
三ヶ日町摩訶耶,2009,25
三ヶ日町摩訶耶,2010,28
三ヶ日町摩訶耶,2011,26
三ヶ日町摩訶耶,2012,25
三ヶ日町摩訶耶,2013,27
三ヶ日町摩訶耶,2014,23
三ヶ日町摩訶耶,2015,19
三ヶ日町摩訶耶,2016,19
三ヶ日町摩訶耶,2017,20
三ヶ日町摩訶耶,2018,16
三ヶ日町摩訶耶,2019,15
三ヶ日町摩訶耶,2020,15
三ヶ日町摩訶耶,2021,14
三ヶ日町摩訶耶,2022,13
三ヶ日町摩訶耶,2023,8
三ヶ日町摩訶耶,2024,8
三ヶ日町摩訶耶,2025,5
三ヶ日町三ヶ日,2007,109
三ヶ日町三ヶ日,2008,102
三ヶ日町三ヶ日,2009,92
三ヶ日町三ヶ日,2010,86
三ヶ日町三ヶ日,2011,83
三ヶ日町三ヶ日,2012,92
三ヶ日町三ヶ日,2013,87
三ヶ日町三ヶ日,2014,96
三ヶ日町三ヶ日,2015,83
三ヶ日町三ヶ日,2016,78
三ヶ日町三ヶ日,2017,59
三ヶ日町三ヶ日,2018,68
三ヶ日町三ヶ日,2019,78
三ヶ日町三ヶ日,2020,83
三ヶ日町三ヶ日,2021,85
三ヶ日町三ヶ日,2022,76
三ヶ日町三ヶ日,2023,65
三ヶ日町三ヶ日,2024,60
三ヶ日町三ヶ日,2025,62
