time,kind,path,ok,message
"2026-01-05 23:48:28","pdf","C:/Users/pirat/Documents/MikkabiLab_population_analysis/figures/自治会/2025/jichikai_20260105_234828/pdf/北地域/bar/01_自治会世帯数__三ヶ日地区__bar.pdf","TRUE",""
"2026-01-05 23:48:29","pdf","C:/Users/pirat/Documents/MikkabiLab_population_analysis/figures/自治会/2025/jichikai_20260105_234828/pdf/北地域/pie/01_自治会世帯数__三ヶ日地区__pie.pdf","TRUE",""
"2026-01-05 23:48:43","eps","C:/Users/pirat/Documents/MikkabiLab_population_analysis/figures/自治会/2025/jichikai_20260105_234828/eps/北地域/bar/01_自治会世帯数__三ヶ日地区__bar.eps","TRUE",""
"2026-01-05 23:48:44","eps","C:/Users/pirat/Documents/MikkabiLab_population_analysis/figures/自治会/2025/jichikai_20260105_234828/eps/北地域/pie/01_自治会世帯数__三ヶ日地区__pie.eps","TRUE",""
"2026-01-05 23:48:46","pdf","C:/Users/pirat/Documents/MikkabiLab_population_analysis/figures/自治会/2025/jichikai_20260105_234828/pdf/北地域/bar/02_自治会世帯数__引佐地区__bar.pdf","TRUE",""
"2026-01-05 23:48:48","pdf","C:/Users/pirat/Documents/MikkabiLab_population_analysis/figures/自治会/2025/jichikai_20260105_234828/pdf/北地域/pie/02_自治会世帯数__引佐地区__pie.pdf","TRUE",""
"2026-01-05 23:48:54","eps","C:/Users/pirat/Documents/MikkabiLab_population_analysis/figures/自治会/2025/jichikai_20260105_234828/eps/北地域/bar/02_自治会世帯数__引佐地区__bar.eps","TRUE",""
"2026-01-05 23:48:55","eps","C:/Users/pirat/Documents/MikkabiLab_population_analysis/figures/自治会/2025/jichikai_20260105_234828/eps/北地域/pie/02_自治会世帯数__引佐地区__pie.eps","TRUE",""
"2026-01-05 23:48:59","pdf","C:/Users/pirat/Documents/MikkabiLab_population_analysis/figures/自治会/2025/jichikai_20260105_234828/pdf/北地域/bar/03_自治会世帯数__細江地区__bar.pdf","TRUE",""
"2026-01-05 23:48:59","pdf","C:/Users/pirat/Documents/MikkabiLab_population_analysis/figures/自治会/2025/jichikai_20260105_234828/pdf/北地域/pie/03_自治会世帯数__細江地区__pie.pdf","TRUE",""
"2026-01-05 23:49:04","eps","C:/Users/pirat/Documents/MikkabiLab_population_analysis/figures/自治会/2025/jichikai_20260105_234828/eps/北地域/bar/03_自治会世帯数__細江地区__bar.eps","TRUE",""
"2026-01-05 23:49:05","eps","C:/Users/pirat/Documents/MikkabiLab_population_analysis/figures/自治会/2025/jichikai_20260105_234828/eps/北地域/pie/03_自治会世帯数__細江地区__pie.eps","TRUE",""
"2026-01-05 23:49:06","pdf","C:/Users/pirat/Documents/MikkabiLab_population_analysis/figures/自治会/2025/jichikai_20260105_234828/pdf/北地域/bar/04_自治会世帯数__都田地区__bar.pdf","TRUE",""
"2026-01-05 23:49:07","pdf","C:/Users/pirat/Documents/MikkabiLab_population_analysis/figures/自治会/2025/jichikai_20260105_234828/pdf/北地域/pie/04_自治会世帯数__都田地区__pie.pdf","TRUE",""
"2026-01-05 23:49:12","eps","C:/Users/pirat/Documents/MikkabiLab_population_analysis/figures/自治会/2025/jichikai_20260105_234828/eps/北地域/bar/04_自治会世帯数__都田地区__bar.eps","TRUE",""
"2026-01-05 23:49:13","eps","C:/Users/pirat/Documents/MikkabiLab_population_analysis/figures/自治会/2025/jichikai_20260105_234828/eps/北地域/pie/04_自治会世帯数__都田地区__pie.eps","TRUE",""
"2026-01-05 23:49:14","pdf","C:/Users/pirat/Documents/MikkabiLab_population_analysis/figures/自治会/2025/jichikai_20260105_234828/pdf/北地域/bar/05_自治会世帯数__新都田地区__bar.pdf","TRUE",""
"2026-01-05 23:49:16","pdf","C:/Users/pirat/Documents/MikkabiLab_population_analysis/figures/自治会/2025/jichikai_20260105_234828/pdf/北地域/pie/05_自治会世帯数__新都田地区__pie.pdf","TRUE",""
"2026-01-05 23:49:20","eps","C:/Users/pirat/Documents/MikkabiLab_population_analysis/figures/自治会/2025/jichikai_20260105_234828/eps/北地域/bar/05_自治会世帯数__新都田地区__bar.eps","TRUE",""
"2026-01-05 23:49:21","eps","C:/Users/pirat/Documents/MikkabiLab_population_analysis/figures/自治会/2025/jichikai_20260105_234828/eps/北地域/pie/05_自治会世帯数__新都田地区__pie.eps","TRUE",""
"2026-01-05 23:49:22","pdf","C:/Users/pirat/Documents/MikkabiLab_population_analysis/figures/自治会/2025/jichikai_20260105_234828/pdf/東地域/bar/01_自治会世帯数__中ノ町地区__bar.pdf","TRUE",""
"2026-01-05 23:49:23","pdf","C:/Users/pirat/Documents/MikkabiLab_population_analysis/figures/自治会/2025/jichikai_20260105_234828/pdf/東地域/pie/01_自治会世帯数__中ノ町地区__pie.pdf","TRUE",""
"2026-01-05 23:49:28","eps","C:/Users/pirat/Documents/MikkabiLab_population_analysis/figures/自治会/2025/jichikai_20260105_234828/eps/東地域/bar/01_自治会世帯数__中ノ町地区__bar.eps","TRUE",""
"2026-01-05 23:49:28","eps","C:/Users/pirat/Documents/MikkabiLab_population_analysis/figures/自治会/2025/jichikai_20260105_234828/eps/東地域/pie/01_自治会世帯数__中ノ町地区__pie.eps","TRUE",""
"2026-01-05 23:49:30","pdf","C:/Users/pirat/Documents/MikkabiLab_population_analysis/figures/自治会/2025/jichikai_20260105_234828/pdf/東地域/bar/02_自治会世帯数__和田地区__bar.pdf","TRUE",""
"2026-01-05 23:49:32","pdf","C:/Users/pirat/Documents/MikkabiLab_population_analysis/figures/自治会/2025/jichikai_20260105_234828/pdf/東地域/pie/02_自治会世帯数__和田地区__pie.pdf","TRUE",""
"2026-01-05 23:49:35","eps","C:/Users/pirat/Documents/MikkabiLab_population_analysis/figures/自治会/2025/jichikai_20260105_234828/eps/東地域/bar/02_自治会世帯数__和田地区__bar.eps","TRUE",""
"2026-01-05 23:49:36","eps","C:/Users/pirat/Documents/MikkabiLab_population_analysis/figures/自治会/2025/jichikai_20260105_234828/eps/東地域/pie/02_自治会世帯数__和田地区__pie.eps","TRUE",""
"2026-01-05 23:49:38","pdf","C:/Users/pirat/Documents/MikkabiLab_population_analysis/figures/自治会/2025/jichikai_20260105_234828/pdf/東地域/bar/03_自治会世帯数__積志地区__bar.pdf","TRUE",""
"2026-01-05 23:49:39","pdf","C:/Users/pirat/Documents/MikkabiLab_population_analysis/figures/自治会/2025/jichikai_20260105_234828/pdf/東地域/pie/03_自治会世帯数__積志地区__pie.pdf","TRUE",""
"2026-01-05 23:49:43","eps","C:/Users/pirat/Documents/MikkabiLab_population_analysis/figures/自治会/2025/jichikai_20260105_234828/eps/東地域/bar/03_自治会世帯数__積志地区__bar.eps","TRUE",""
"2026-01-05 23:49:45","eps","C:/Users/pirat/Documents/MikkabiLab_population_analysis/figures/自治会/2025/jichikai_20260105_234828/eps/東地域/pie/03_自治会世帯数__積志地区__pie.eps","TRUE",""
"2026-01-05 23:49:46","pdf","C:/Users/pirat/Documents/MikkabiLab_population_analysis/figures/自治会/2025/jichikai_20260105_234828/pdf/東地域/bar/04_自治会世帯数__笠井地区__bar.pdf","TRUE",""
"2026-01-05 23:49:47","pdf","C:/Users/pirat/Documents/MikkabiLab_population_analysis/figures/自治会/2025/jichikai_20260105_234828/pdf/東地域/pie/04_自治会世帯数__笠井地区__pie.pdf","TRUE",""
"2026-01-05 23:49:53","eps","C:/Users/pirat/Documents/MikkabiLab_population_analysis/figures/自治会/2025/jichikai_20260105_234828/eps/東地域/bar/04_自治会世帯数__笠井地区__bar.eps","TRUE",""
"2026-01-05 23:49:54","eps","C:/Users/pirat/Documents/MikkabiLab_population_analysis/figures/自治会/2025/jichikai_20260105_234828/eps/東地域/pie/04_自治会世帯数__笠井地区__pie.eps","TRUE",""
"2026-01-05 23:49:56","pdf","C:/Users/pirat/Documents/MikkabiLab_population_analysis/figures/自治会/2025/jichikai_20260105_234828/pdf/東地域/bar/05_自治会世帯数__蒲地区__bar.pdf","TRUE",""
"2026-01-05 23:49:57","pdf","C:/Users/pirat/Documents/MikkabiLab_population_analysis/figures/自治会/2025/jichikai_20260105_234828/pdf/東地域/pie/05_自治会世帯数__蒲地区__pie.pdf","TRUE",""
"2026-01-05 23:50:02","eps","C:/Users/pirat/Documents/MikkabiLab_population_analysis/figures/自治会/2025/jichikai_20260105_234828/eps/東地域/bar/05_自治会世帯数__蒲地区__bar.eps","TRUE",""
"2026-01-05 23:50:03","eps","C:/Users/pirat/Documents/MikkabiLab_population_analysis/figures/自治会/2025/jichikai_20260105_234828/eps/東地域/pie/05_自治会世帯数__蒲地区__pie.eps","TRUE",""
"2026-01-05 23:50:04","pdf","C:/Users/pirat/Documents/MikkabiLab_population_analysis/figures/自治会/2025/jichikai_20260105_234828/pdf/東地域/bar/06_自治会世帯数__長上地区__bar.pdf","TRUE",""
"2026-01-05 23:50:05","pdf","C:/Users/pirat/Documents/MikkabiLab_population_analysis/figures/自治会/2025/jichikai_20260105_234828/pdf/東地域/pie/06_自治会世帯数__長上地区__pie.pdf","TRUE",""
"2026-01-05 23:50:09","eps","C:/Users/pirat/Documents/MikkabiLab_population_analysis/figures/自治会/2025/jichikai_20260105_234828/eps/東地域/bar/06_自治会世帯数__長上地区__bar.eps","TRUE",""
"2026-01-05 23:50:11","eps","C:/Users/pirat/Documents/MikkabiLab_population_analysis/figures/自治会/2025/jichikai_20260105_234828/eps/東地域/pie/06_自治会世帯数__長上地区__pie.eps","TRUE",""
"2026-01-05 23:50:13","pdf","C:/Users/pirat/Documents/MikkabiLab_population_analysis/figures/自治会/2025/jichikai_20260105_234828/pdf/西地域/bar/01_自治会世帯数__伊佐見地区__bar.pdf","TRUE",""
"2026-01-05 23:50:14","pdf","C:/Users/pirat/Documents/MikkabiLab_population_analysis/figures/自治会/2025/jichikai_20260105_234828/pdf/西地域/pie/01_自治会世帯数__伊佐見地区__pie.pdf","TRUE",""
"2026-01-05 23:50:18","eps","C:/Users/pirat/Documents/MikkabiLab_population_analysis/figures/自治会/2025/jichikai_20260105_234828/eps/西地域/bar/01_自治会世帯数__伊佐見地区__bar.eps","TRUE",""
"2026-01-05 23:50:19","eps","C:/Users/pirat/Documents/MikkabiLab_population_analysis/figures/自治会/2025/jichikai_20260105_234828/eps/西地域/pie/01_自治会世帯数__伊佐見地区__pie.eps","TRUE",""
"2026-01-05 23:50:20","pdf","C:/Users/pirat/Documents/MikkabiLab_population_analysis/figures/自治会/2025/jichikai_20260105_234828/pdf/西地域/bar/02_自治会世帯数__入野地区__bar.pdf","TRUE",""
"2026-01-05 23:50:22","pdf","C:/Users/pirat/Documents/MikkabiLab_population_analysis/figures/自治会/2025/jichikai_20260105_234828/pdf/西地域/pie/02_自治会世帯数__入野地区__pie.pdf","TRUE",""
"2026-01-05 23:50:26","eps","C:/Users/pirat/Documents/MikkabiLab_population_analysis/figures/自治会/2025/jichikai_20260105_234828/eps/西地域/bar/02_自治会世帯数__入野地区__bar.eps","TRUE",""
"2026-01-05 23:50:27","eps","C:/Users/pirat/Documents/MikkabiLab_population_analysis/figures/自治会/2025/jichikai_20260105_234828/eps/西地域/pie/02_自治会世帯数__入野地区__pie.eps","TRUE",""
"2026-01-05 23:50:29","pdf","C:/Users/pirat/Documents/MikkabiLab_population_analysis/figures/自治会/2025/jichikai_20260105_234828/pdf/西地域/bar/03_自治会世帯数__和地地区__bar.pdf","TRUE",""
"2026-01-05 23:50:30","pdf","C:/Users/pirat/Documents/MikkabiLab_population_analysis/figures/自治会/2025/jichikai_20260105_234828/pdf/西地域/pie/03_自治会世帯数__和地地区__pie.pdf","TRUE",""
"2026-01-05 23:50:33","eps","C:/Users/pirat/Documents/MikkabiLab_population_analysis/figures/自治会/2025/jichikai_20260105_234828/eps/西地域/bar/03_自治会世帯数__和地地区__bar.eps","TRUE",""
"2026-01-05 23:50:35","eps","C:/Users/pirat/Documents/MikkabiLab_population_analysis/figures/自治会/2025/jichikai_20260105_234828/eps/西地域/pie/03_自治会世帯数__和地地区__pie.eps","TRUE",""
"2026-01-05 23:50:36","pdf","C:/Users/pirat/Documents/MikkabiLab_population_analysis/figures/自治会/2025/jichikai_20260105_234828/pdf/西地域/bar/04_自治会世帯数__庄内地区__bar.pdf","TRUE",""
"2026-01-05 23:50:37","pdf","C:/Users/pirat/Documents/MikkabiLab_population_analysis/figures/自治会/2025/jichikai_20260105_234828/pdf/西地域/pie/04_自治会世帯数__庄内地区__pie.pdf","TRUE",""
"2026-01-05 23:50:42","eps","C:/Users/pirat/Documents/MikkabiLab_population_analysis/figures/自治会/2025/jichikai_20260105_234828/eps/西地域/bar/04_自治会世帯数__庄内地区__bar.eps","TRUE",""
"2026-01-05 23:50:43","eps","C:/Users/pirat/Documents/MikkabiLab_population_analysis/figures/自治会/2025/jichikai_20260105_234828/eps/西地域/pie/04_自治会世帯数__庄内地区__pie.eps","TRUE",""
"2026-01-05 23:50:45","pdf","C:/Users/pirat/Documents/MikkabiLab_population_analysis/figures/自治会/2025/jichikai_20260105_234828/pdf/西地域/bar/05_自治会世帯数__神久呂地区__bar.pdf","TRUE",""
"2026-01-05 23:50:46","pdf","C:/Users/pirat/Documents/MikkabiLab_population_analysis/figures/自治会/2025/jichikai_20260105_234828/pdf/西地域/pie/05_自治会世帯数__神久呂地区__pie.pdf","TRUE",""
"2026-01-05 23:50:50","eps","C:/Users/pirat/Documents/MikkabiLab_population_analysis/figures/自治会/2025/jichikai_20260105_234828/eps/西地域/bar/05_自治会世帯数__神久呂地区__bar.eps","TRUE",""
"2026-01-05 23:50:51","eps","C:/Users/pirat/Documents/MikkabiLab_population_analysis/figures/自治会/2025/jichikai_20260105_234828/eps/西地域/pie/05_自治会世帯数__神久呂地区__pie.eps","TRUE",""
"2026-01-05 23:50:53","pdf","C:/Users/pirat/Documents/MikkabiLab_population_analysis/figures/自治会/2025/jichikai_20260105_234828/pdf/西地域/bar/06_自治会世帯数__篠原地区__bar.pdf","TRUE",""
"2026-01-05 23:50:54","pdf","C:/Users/pirat/Documents/MikkabiLab_population_analysis/figures/自治会/2025/jichikai_20260105_234828/pdf/西地域/pie/06_自治会世帯数__篠原地区__pie.pdf","TRUE",""
"2026-01-05 23:50:58","eps","C:/Users/pirat/Documents/MikkabiLab_population_analysis/figures/自治会/2025/jichikai_20260105_234828/eps/西地域/bar/06_自治会世帯数__篠原地区__bar.eps","TRUE",""
"2026-01-05 23:50:59","eps","C:/Users/pirat/Documents/MikkabiLab_population_analysis/figures/自治会/2025/jichikai_20260105_234828/eps/西地域/pie/06_自治会世帯数__篠原地区__pie.eps","TRUE",""
"2026-01-05 23:51:01","pdf","C:/Users/pirat/Documents/MikkabiLab_population_analysis/figures/自治会/2025/jichikai_20260105_234828/pdf/西地域/bar/07_自治会世帯数__舞阪地区__bar.pdf","TRUE",""
"2026-01-05 23:51:02","pdf","C:/Users/pirat/Documents/MikkabiLab_population_analysis/figures/自治会/2025/jichikai_20260105_234828/pdf/西地域/pie/07_自治会世帯数__舞阪地区__pie.pdf","TRUE",""
"2026-01-05 23:51:06","eps","C:/Users/pirat/Documents/MikkabiLab_population_analysis/figures/自治会/2025/jichikai_20260105_234828/eps/西地域/bar/07_自治会世帯数__舞阪地区__bar.eps","TRUE",""
"2026-01-05 23:51:07","eps","C:/Users/pirat/Documents/MikkabiLab_population_analysis/figures/自治会/2025/jichikai_20260105_234828/eps/西地域/pie/07_自治会世帯数__舞阪地区__pie.eps","TRUE",""
"2026-01-05 23:51:10","pdf","C:/Users/pirat/Documents/MikkabiLab_population_analysis/figures/自治会/2025/jichikai_20260105_234828/pdf/西地域/bar/08_自治会世帯数__雄踏地区__bar.pdf","TRUE",""
"2026-01-05 23:51:11","pdf","C:/Users/pirat/Documents/MikkabiLab_population_analysis/figures/自治会/2025/jichikai_20260105_234828/pdf/西地域/pie/08_自治会世帯数__雄踏地区__pie.pdf","TRUE",""
"2026-01-05 23:51:15","eps","C:/Users/pirat/Documents/MikkabiLab_population_analysis/figures/自治会/2025/jichikai_20260105_234828/eps/西地域/bar/08_自治会世帯数__雄踏地区__bar.eps","TRUE",""
"2026-01-05 23:51:16","eps","C:/Users/pirat/Documents/MikkabiLab_population_analysis/figures/自治会/2025/jichikai_20260105_234828/eps/西地域/pie/08_自治会世帯数__雄踏地区__pie.eps","TRUE",""
"2026-01-05 23:51:17","pdf","C:/Users/pirat/Documents/MikkabiLab_population_analysis/figures/自治会/2025/jichikai_20260105_234828/pdf/南地域/bar/01_自治会世帯数__五島地区__bar.pdf","TRUE",""
"2026-01-05 23:51:19","pdf","C:/Users/pirat/Documents/MikkabiLab_population_analysis/figures/自治会/2025/jichikai_20260105_234828/pdf/南地域/pie/01_自治会世帯数__五島地区__pie.pdf","TRUE",""
"2026-01-05 23:51:22","eps","C:/Users/pirat/Documents/MikkabiLab_population_analysis/figures/自治会/2025/jichikai_20260105_234828/eps/南地域/bar/01_自治会世帯数__五島地区__bar.eps","TRUE",""
"2026-01-05 23:51:24","eps","C:/Users/pirat/Documents/MikkabiLab_population_analysis/figures/自治会/2025/jichikai_20260105_234828/eps/南地域/pie/01_自治会世帯数__五島地区__pie.eps","TRUE",""
"2026-01-05 23:51:26","pdf","C:/Users/pirat/Documents/MikkabiLab_population_analysis/figures/自治会/2025/jichikai_20260105_234828/pdf/南地域/bar/02_自治会世帯数__可美地区__bar.pdf","TRUE",""
"2026-01-05 23:51:27","pdf","C:/Users/pirat/Documents/MikkabiLab_population_analysis/figures/自治会/2025/jichikai_20260105_234828/pdf/南地域/pie/02_自治会世帯数__可美地区__pie.pdf","TRUE",""
"2026-01-05 23:51:31","eps","C:/Users/pirat/Documents/MikkabiLab_population_analysis/figures/自治会/2025/jichikai_20260105_234828/eps/南地域/bar/02_自治会世帯数__可美地区__bar.eps","TRUE",""
"2026-01-05 23:51:32","eps","C:/Users/pirat/Documents/MikkabiLab_population_analysis/figures/自治会/2025/jichikai_20260105_234828/eps/南地域/pie/02_自治会世帯数__可美地区__pie.eps","TRUE",""
"2026-01-05 23:51:35","pdf","C:/Users/pirat/Documents/MikkabiLab_population_analysis/figures/自治会/2025/jichikai_20260105_234828/pdf/南地域/bar/03_自治会世帯数__新津地区__bar.pdf","TRUE",""
"2026-01-05 23:51:36","pdf","C:/Users/pirat/Documents/MikkabiLab_population_analysis/figures/自治会/2025/jichikai_20260105_234828/pdf/南地域/pie/03_自治会世帯数__新津地区__pie.pdf","TRUE",""
"2026-01-05 23:51:41","eps","C:/Users/pirat/Documents/MikkabiLab_population_analysis/figures/自治会/2025/jichikai_20260105_234828/eps/南地域/bar/03_自治会世帯数__新津地区__bar.eps","TRUE",""
"2026-01-05 23:51:42","eps","C:/Users/pirat/Documents/MikkabiLab_population_analysis/figures/自治会/2025/jichikai_20260105_234828/eps/南地域/pie/03_自治会世帯数__新津地区__pie.eps","TRUE",""
"2026-01-05 23:51:43","pdf","C:/Users/pirat/Documents/MikkabiLab_population_analysis/figures/自治会/2025/jichikai_20260105_234828/pdf/南地域/bar/04_自治会世帯数__河輪地区__bar.pdf","TRUE",""
"2026-01-05 23:51:44","pdf","C:/Users/pirat/Documents/MikkabiLab_population_analysis/figures/自治会/2025/jichikai_20260105_234828/pdf/南地域/pie/04_自治会世帯数__河輪地区__pie.pdf","TRUE",""
"2026-01-05 23:51:49","eps","C:/Users/pirat/Documents/MikkabiLab_population_analysis/figures/自治会/2025/jichikai_20260105_234828/eps/南地域/bar/04_自治会世帯数__河輪地区__bar.eps","TRUE",""
"2026-01-05 23:51:50","eps","C:/Users/pirat/Documents/MikkabiLab_population_analysis/figures/自治会/2025/jichikai_20260105_234828/eps/南地域/pie/04_自治会世帯数__河輪地区__pie.eps","TRUE",""
"2026-01-05 23:51:52","pdf","C:/Users/pirat/Documents/MikkabiLab_population_analysis/figures/自治会/2025/jichikai_20260105_234828/pdf/南地域/bar/05_自治会世帯数__白脇地区__bar.pdf","TRUE",""
"2026-01-05 23:51:53","pdf","C:/Users/pirat/Documents/MikkabiLab_population_analysis/figures/自治会/2025/jichikai_20260105_234828/pdf/南地域/pie/05_自治会世帯数__白脇地区__pie.pdf","TRUE",""
"2026-01-05 23:51:59","eps","C:/Users/pirat/Documents/MikkabiLab_population_analysis/figures/自治会/2025/jichikai_20260105_234828/eps/南地域/bar/05_自治会世帯数__白脇地区__bar.eps","TRUE",""
"2026-01-05 23:52:00","eps","C:/Users/pirat/Documents/MikkabiLab_population_analysis/figures/自治会/2025/jichikai_20260105_234828/eps/南地域/pie/05_自治会世帯数__白脇地区__pie.eps","TRUE",""
"2026-01-05 23:52:02","pdf","C:/Users/pirat/Documents/MikkabiLab_population_analysis/figures/自治会/2025/jichikai_20260105_234828/pdf/南地域/bar/06_自治会世帯数__芳川地区__bar.pdf","TRUE",""
"2026-01-05 23:52:03","pdf","C:/Users/pirat/Documents/MikkabiLab_population_analysis/figures/自治会/2025/jichikai_20260105_234828/pdf/南地域/pie/06_自治会世帯数__芳川地区__pie.pdf","TRUE",""
"2026-01-05 23:52:08","eps","C:/Users/pirat/Documents/MikkabiLab_population_analysis/figures/自治会/2025/jichikai_20260105_234828/eps/南地域/bar/06_自治会世帯数__芳川地区__bar.eps","TRUE",""
"2026-01-05 23:52:09","eps","C:/Users/pirat/Documents/MikkabiLab_population_analysis/figures/自治会/2025/jichikai_20260105_234828/eps/南地域/pie/06_自治会世帯数__芳川地区__pie.eps","TRUE",""
"2026-01-05 23:52:11","pdf","C:/Users/pirat/Documents/MikkabiLab_population_analysis/figures/自治会/2025/jichikai_20260105_234828/pdf/南地域/bar/07_自治会世帯数__飯田地区__bar.pdf","TRUE",""
"2026-01-05 23:52:12","pdf","C:/Users/pirat/Documents/MikkabiLab_population_analysis/figures/自治会/2025/jichikai_20260105_234828/pdf/南地域/pie/07_自治会世帯数__飯田地区__pie.pdf","TRUE",""
"2026-01-05 23:52:18","eps","C:/Users/pirat/Documents/MikkabiLab_population_analysis/figures/自治会/2025/jichikai_20260105_234828/eps/南地域/bar/07_自治会世帯数__飯田地区__bar.eps","TRUE",""
"2026-01-05 23:52:18","eps","C:/Users/pirat/Documents/MikkabiLab_population_analysis/figures/自治会/2025/jichikai_20260105_234828/eps/南地域/pie/07_自治会世帯数__飯田地区__pie.eps","TRUE",""
"2026-01-05 23:52:20","pdf","C:/Users/pirat/Documents/MikkabiLab_population_analysis/figures/自治会/2025/jichikai_20260105_234828/pdf/中地域/bar/01_自治会世帯数__アクト地区__bar.pdf","TRUE",""
"2026-01-05 23:52:21","pdf","C:/Users/pirat/Documents/MikkabiLab_population_analysis/figures/自治会/2025/jichikai_20260105_234828/pdf/中地域/pie/01_自治会世帯数__アクト地区__pie.pdf","TRUE",""
"2026-01-05 23:52:26","eps","C:/Users/pirat/Documents/MikkabiLab_population_analysis/figures/自治会/2025/jichikai_20260105_234828/eps/中地域/bar/01_自治会世帯数__アクト地区__bar.eps","TRUE",""
"2026-01-05 23:52:27","eps","C:/Users/pirat/Documents/MikkabiLab_population_analysis/figures/自治会/2025/jichikai_20260105_234828/eps/中地域/pie/01_自治会世帯数__アクト地区__pie.eps","TRUE",""
"2026-01-05 23:52:29","pdf","C:/Users/pirat/Documents/MikkabiLab_population_analysis/figures/自治会/2025/jichikai_20260105_234828/pdf/中地域/bar/02_自治会世帯数__三方原地区__bar.pdf","TRUE",""
"2026-01-05 23:52:30","pdf","C:/Users/pirat/Documents/MikkabiLab_population_analysis/figures/自治会/2025/jichikai_20260105_234828/pdf/中地域/pie/02_自治会世帯数__三方原地区__pie.pdf","TRUE",""
"2026-01-05 23:52:35","eps","C:/Users/pirat/Documents/MikkabiLab_population_analysis/figures/自治会/2025/jichikai_20260105_234828/eps/中地域/bar/02_自治会世帯数__三方原地区__bar.eps","TRUE",""
"2026-01-05 23:52:36","eps","C:/Users/pirat/Documents/MikkabiLab_population_analysis/figures/自治会/2025/jichikai_20260105_234828/eps/中地域/pie/02_自治会世帯数__三方原地区__pie.eps","TRUE",""
"2026-01-05 23:52:38","pdf","C:/Users/pirat/Documents/MikkabiLab_population_analysis/figures/自治会/2025/jichikai_20260105_234828/pdf/中地域/bar/03_自治会世帯数__中央地区__bar.pdf","TRUE",""
"2026-01-05 23:52:39","pdf","C:/Users/pirat/Documents/MikkabiLab_population_analysis/figures/自治会/2025/jichikai_20260105_234828/pdf/中地域/pie/03_自治会世帯数__中央地区__pie.pdf","TRUE",""
"2026-01-05 23:52:43","eps","C:/Users/pirat/Documents/MikkabiLab_population_analysis/figures/自治会/2025/jichikai_20260105_234828/eps/中地域/bar/03_自治会世帯数__中央地区__bar.eps","TRUE",""
"2026-01-05 23:52:44","eps","C:/Users/pirat/Documents/MikkabiLab_population_analysis/figures/自治会/2025/jichikai_20260105_234828/eps/中地域/pie/03_自治会世帯数__中央地区__pie.eps","TRUE",""
"2026-01-05 23:52:47","pdf","C:/Users/pirat/Documents/MikkabiLab_population_analysis/figures/自治会/2025/jichikai_20260105_234828/pdf/中地域/bar/04_自治会世帯数__佐鳴台地区__bar.pdf","TRUE",""
"2026-01-05 23:52:48","pdf","C:/Users/pirat/Documents/MikkabiLab_population_analysis/figures/自治会/2025/jichikai_20260105_234828/pdf/中地域/pie/04_自治会世帯数__佐鳴台地区__pie.pdf","TRUE",""
"2026-01-05 23:52:51","eps","C:/Users/pirat/Documents/MikkabiLab_population_analysis/figures/自治会/2025/jichikai_20260105_234828/eps/中地域/bar/04_自治会世帯数__佐鳴台地区__bar.eps","TRUE",""
"2026-01-05 23:52:53","eps","C:/Users/pirat/Documents/MikkabiLab_population_analysis/figures/自治会/2025/jichikai_20260105_234828/eps/中地域/pie/04_自治会世帯数__佐鳴台地区__pie.eps","TRUE",""
"2026-01-05 23:52:55","pdf","C:/Users/pirat/Documents/MikkabiLab_population_analysis/figures/自治会/2025/jichikai_20260105_234828/pdf/中地域/bar/05_自治会世帯数__北地区__bar.pdf","TRUE",""
"2026-01-05 23:52:56","pdf","C:/Users/pirat/Documents/MikkabiLab_population_analysis/figures/自治会/2025/jichikai_20260105_234828/pdf/中地域/pie/05_自治会世帯数__北地区__pie.pdf","TRUE",""
"2026-01-05 23:53:00","eps","C:/Users/pirat/Documents/MikkabiLab_population_analysis/figures/自治会/2025/jichikai_20260105_234828/eps/中地域/bar/05_自治会世帯数__北地区__bar.eps","TRUE",""
"2026-01-05 23:53:01","eps","C:/Users/pirat/Documents/MikkabiLab_population_analysis/figures/自治会/2025/jichikai_20260105_234828/eps/中地域/pie/05_自治会世帯数__北地区__pie.eps","TRUE",""
"2026-01-05 23:53:03","pdf","C:/Users/pirat/Documents/MikkabiLab_population_analysis/figures/自治会/2025/jichikai_20260105_234828/pdf/中地域/bar/06_自治会世帯数__城北地区__bar.pdf","TRUE",""
"2026-01-05 23:53:04","pdf","C:/Users/pirat/Documents/MikkabiLab_population_analysis/figures/自治会/2025/jichikai_20260105_234828/pdf/中地域/pie/06_自治会世帯数__城北地区__pie.pdf","TRUE",""
"2026-01-05 23:53:08","eps","C:/Users/pirat/Documents/MikkabiLab_population_analysis/figures/自治会/2025/jichikai_20260105_234828/eps/中地域/bar/06_自治会世帯数__城北地区__bar.eps","TRUE",""
"2026-01-05 23:53:10","eps","C:/Users/pirat/Documents/MikkabiLab_population_analysis/figures/自治会/2025/jichikai_20260105_234828/eps/中地域/pie/06_自治会世帯数__城北地区__pie.eps","TRUE",""
"2026-01-05 23:53:12","pdf","C:/Users/pirat/Documents/MikkabiLab_population_analysis/figures/自治会/2025/jichikai_20260105_234828/pdf/中地域/bar/07_自治会世帯数__富塚地区__bar.pdf","TRUE",""
"2026-01-05 23:53:13","pdf","C:/Users/pirat/Documents/MikkabiLab_population_analysis/figures/自治会/2025/jichikai_20260105_234828/pdf/中地域/pie/07_自治会世帯数__富塚地区__pie.pdf","TRUE",""
"2026-01-05 23:53:16","eps","C:/Users/pirat/Documents/MikkabiLab_population_analysis/figures/自治会/2025/jichikai_20260105_234828/eps/中地域/bar/07_自治会世帯数__富塚地区__bar.eps","TRUE",""
"2026-01-05 23:53:18","eps","C:/Users/pirat/Documents/MikkabiLab_population_analysis/figures/自治会/2025/jichikai_20260105_234828/eps/中地域/pie/07_自治会世帯数__富塚地区__pie.eps","TRUE",""
"2026-01-05 23:53:20","pdf","C:/Users/pirat/Documents/MikkabiLab_population_analysis/figures/自治会/2025/jichikai_20260105_234828/pdf/中地域/bar/08_自治会世帯数__曳馬地区__bar.pdf","TRUE",""
"2026-01-05 23:53:20","pdf","C:/Users/pirat/Documents/MikkabiLab_population_analysis/figures/自治会/2025/jichikai_20260105_234828/pdf/中地域/pie/08_自治会世帯数__曳馬地区__pie.pdf","TRUE",""
"2026-01-05 23:53:25","eps","C:/Users/pirat/Documents/MikkabiLab_population_analysis/figures/自治会/2025/jichikai_20260105_234828/eps/中地域/bar/08_自治会世帯数__曳馬地区__bar.eps","TRUE",""
"2026-01-05 23:53:26","eps","C:/Users/pirat/Documents/MikkabiLab_population_analysis/figures/自治会/2025/jichikai_20260105_234828/eps/中地域/pie/08_自治会世帯数__曳馬地区__pie.eps","TRUE",""
"2026-01-05 23:53:28","pdf","C:/Users/pirat/Documents/MikkabiLab_population_analysis/figures/自治会/2025/jichikai_20260105_234828/pdf/中地域/bar/09_自治会世帯数__江東地区__bar.pdf","TRUE",""
"2026-01-05 23:53:28","pdf","C:/Users/pirat/Documents/MikkabiLab_population_analysis/figures/自治会/2025/jichikai_20260105_234828/pdf/中地域/pie/09_自治会世帯数__江東地区__pie.pdf","TRUE",""
"2026-01-05 23:53:32","eps","C:/Users/pirat/Documents/MikkabiLab_population_analysis/figures/自治会/2025/jichikai_20260105_234828/eps/中地域/bar/09_自治会世帯数__江東地区__bar.eps","TRUE",""
"2026-01-05 23:53:34","eps","C:/Users/pirat/Documents/MikkabiLab_population_analysis/figures/自治会/2025/jichikai_20260105_234828/eps/中地域/pie/09_自治会世帯数__江東地区__pie.eps","TRUE",""
"2026-01-05 23:53:35","pdf","C:/Users/pirat/Documents/MikkabiLab_population_analysis/figures/自治会/2025/jichikai_20260105_234828/pdf/中地域/bar/10_自治会世帯数__江西地区__bar.pdf","TRUE",""
"2026-01-05 23:53:36","pdf","C:/Users/pirat/Documents/MikkabiLab_population_analysis/figures/自治会/2025/jichikai_20260105_234828/pdf/中地域/pie/10_自治会世帯数__江西地区__pie.pdf","TRUE",""
"2026-01-05 23:53:40","eps","C:/Users/pirat/Documents/MikkabiLab_population_analysis/figures/自治会/2025/jichikai_20260105_234828/eps/中地域/bar/10_自治会世帯数__江西地区__bar.eps","TRUE",""
"2026-01-05 23:53:42","eps","C:/Users/pirat/Documents/MikkabiLab_population_analysis/figures/自治会/2025/jichikai_20260105_234828/eps/中地域/pie/10_自治会世帯数__江西地区__pie.eps","TRUE",""
"2026-01-05 23:53:44","pdf","C:/Users/pirat/Documents/MikkabiLab_population_analysis/figures/自治会/2025/jichikai_20260105_234828/pdf/中地域/bar/11_自治会世帯数__県居地区__bar.pdf","TRUE",""
"2026-01-05 23:53:45","pdf","C:/Users/pirat/Documents/MikkabiLab_population_analysis/figures/自治会/2025/jichikai_20260105_234828/pdf/中地域/pie/11_自治会世帯数__県居地区__pie.pdf","TRUE",""
"2026-01-05 23:53:52","eps","C:/Users/pirat/Documents/MikkabiLab_population_analysis/figures/自治会/2025/jichikai_20260105_234828/eps/中地域/bar/11_自治会世帯数__県居地区__bar.eps","TRUE",""
"2026-01-05 23:53:53","eps","C:/Users/pirat/Documents/MikkabiLab_population_analysis/figures/自治会/2025/jichikai_20260105_234828/eps/中地域/pie/11_自治会世帯数__県居地区__pie.eps","TRUE",""
"2026-01-05 23:53:56","pdf","C:/Users/pirat/Documents/MikkabiLab_population_analysis/figures/自治会/2025/jichikai_20260105_234828/pdf/中地域/bar/12_自治会世帯数__萩丘地区__bar.pdf","TRUE",""
"2026-01-05 23:53:57","pdf","C:/Users/pirat/Documents/MikkabiLab_population_analysis/figures/自治会/2025/jichikai_20260105_234828/pdf/中地域/pie/12_自治会世帯数__萩丘地区__pie.pdf","TRUE",""
"2026-01-05 23:54:03","eps","C:/Users/pirat/Documents/MikkabiLab_population_analysis/figures/自治会/2025/jichikai_20260105_234828/eps/中地域/bar/12_自治会世帯数__萩丘地区__bar.eps","TRUE",""
"2026-01-05 23:54:05","eps","C:/Users/pirat/Documents/MikkabiLab_population_analysis/figures/自治会/2025/jichikai_20260105_234828/eps/中地域/pie/12_自治会世帯数__萩丘地区__pie.eps","TRUE",""
"2026-01-05 23:54:06","pdf","C:/Users/pirat/Documents/MikkabiLab_population_analysis/figures/自治会/2025/jichikai_20260105_234828/pdf/中地域/bar/13_自治会世帯数__西地区__bar.pdf","TRUE",""
"2026-01-05 23:54:07","pdf","C:/Users/pirat/Documents/MikkabiLab_population_analysis/figures/自治会/2025/jichikai_20260105_234828/pdf/中地域/pie/13_自治会世帯数__西地区__pie.pdf","TRUE",""
"2026-01-05 23:54:12","eps","C:/Users/pirat/Documents/MikkabiLab_population_analysis/figures/自治会/2025/jichikai_20260105_234828/eps/中地域/bar/13_自治会世帯数__西地区__bar.eps","TRUE",""
"2026-01-05 23:54:13","eps","C:/Users/pirat/Documents/MikkabiLab_population_analysis/figures/自治会/2025/jichikai_20260105_234828/eps/中地域/pie/13_自治会世帯数__西地区__pie.eps","TRUE",""
"2026-01-05 23:54:17","pdf","C:/Users/pirat/Documents/MikkabiLab_population_analysis/figures/自治会/2025/jichikai_20260105_234828/pdf/中地域/bar/14_自治会世帯数__駅南地区__bar.pdf","TRUE",""
"2026-01-05 23:54:18","pdf","C:/Users/pirat/Documents/MikkabiLab_population_analysis/figures/自治会/2025/jichikai_20260105_234828/pdf/中地域/pie/14_自治会世帯数__駅南地区__pie.pdf","TRUE",""
"2026-01-05 23:54:24","eps","C:/Users/pirat/Documents/MikkabiLab_population_analysis/figures/自治会/2025/jichikai_20260105_234828/eps/中地域/bar/14_自治会世帯数__駅南地区__bar.eps","TRUE",""
"2026-01-05 23:54:25","eps","C:/Users/pirat/Documents/MikkabiLab_population_analysis/figures/自治会/2025/jichikai_20260105_234828/eps/中地域/pie/14_自治会世帯数__駅南地区__pie.eps","TRUE",""
"2026-01-05 23:54:27","pdf","C:/Users/pirat/Documents/MikkabiLab_population_analysis/figures/自治会/2025/jichikai_20260105_234828/pdf/浜北地域/bar/01_自治会世帯数__麁玉地区__bar.pdf","TRUE",""
"2026-01-05 23:54:29","pdf","C:/Users/pirat/Documents/MikkabiLab_population_analysis/figures/自治会/2025/jichikai_20260105_234828/pdf/浜北地域/pie/01_自治会世帯数__麁玉地区__pie.pdf","TRUE",""
"2026-01-05 23:54:33","eps","C:/Users/pirat/Documents/MikkabiLab_population_analysis/figures/自治会/2025/jichikai_20260105_234828/eps/浜北地域/bar/01_自治会世帯数__麁玉地区__bar.eps","TRUE",""
"2026-01-05 23:54:34","eps","C:/Users/pirat/Documents/MikkabiLab_population_analysis/figures/自治会/2025/jichikai_20260105_234828/eps/浜北地域/pie/01_自治会世帯数__麁玉地区__pie.eps","TRUE",""
"2026-01-05 23:54:36","pdf","C:/Users/pirat/Documents/MikkabiLab_population_analysis/figures/自治会/2025/jichikai_20260105_234828/pdf/浜北地域/bar/02_自治会世帯数__赤佐地区__bar.pdf","TRUE",""
"2026-01-05 23:54:37","pdf","C:/Users/pirat/Documents/MikkabiLab_population_analysis/figures/自治会/2025/jichikai_20260105_234828/pdf/浜北地域/pie/02_自治会世帯数__赤佐地区__pie.pdf","TRUE",""
"2026-01-05 23:54:46","eps","C:/Users/pirat/Documents/MikkabiLab_population_analysis/figures/自治会/2025/jichikai_20260105_234828/eps/浜北地域/bar/02_自治会世帯数__赤佐地区__bar.eps","TRUE",""
"2026-01-05 23:54:47","eps","C:/Users/pirat/Documents/MikkabiLab_population_analysis/figures/自治会/2025/jichikai_20260105_234828/eps/浜北地域/pie/02_自治会世帯数__赤佐地区__pie.eps","TRUE",""
"2026-01-05 23:54:49","pdf","C:/Users/pirat/Documents/MikkabiLab_population_analysis/figures/自治会/2025/jichikai_20260105_234828/pdf/浜北地域/bar/03_自治会世帯数__中瀬地区__bar.pdf","TRUE",""
"2026-01-05 23:54:50","pdf","C:/Users/pirat/Documents/MikkabiLab_population_analysis/figures/自治会/2025/jichikai_20260105_234828/pdf/浜北地域/pie/03_自治会世帯数__中瀬地区__pie.pdf","TRUE",""
"2026-01-05 23:54:55","eps","C:/Users/pirat/Documents/MikkabiLab_population_analysis/figures/自治会/2025/jichikai_20260105_234828/eps/浜北地域/bar/03_自治会世帯数__中瀬地区__bar.eps","TRUE",""
"2026-01-05 23:54:56","eps","C:/Users/pirat/Documents/MikkabiLab_population_analysis/figures/自治会/2025/jichikai_20260105_234828/eps/浜北地域/pie/03_自治会世帯数__中瀬地区__pie.eps","TRUE",""
"2026-01-05 23:54:59","pdf","C:/Users/pirat/Documents/MikkabiLab_population_analysis/figures/自治会/2025/jichikai_20260105_234828/pdf/浜北地域/bar/04_自治会世帯数__浜名地区__bar.pdf","TRUE",""
"2026-01-05 23:55:00","pdf","C:/Users/pirat/Documents/MikkabiLab_population_analysis/figures/自治会/2025/jichikai_20260105_234828/pdf/浜北地域/pie/04_自治会世帯数__浜名地区__pie.pdf","TRUE",""
"2026-01-05 23:55:05","eps","C:/Users/pirat/Documents/MikkabiLab_population_analysis/figures/自治会/2025/jichikai_20260105_234828/eps/浜北地域/bar/04_自治会世帯数__浜名地区__bar.eps","TRUE",""
"2026-01-05 23:55:06","eps","C:/Users/pirat/Documents/MikkabiLab_population_analysis/figures/自治会/2025/jichikai_20260105_234828/eps/浜北地域/pie/04_自治会世帯数__浜名地区__pie.eps","TRUE",""
"2026-01-05 23:55:07","pdf","C:/Users/pirat/Documents/MikkabiLab_population_analysis/figures/自治会/2025/jichikai_20260105_234828/pdf/浜北地域/bar/05_自治会世帯数__北浜地区__bar.pdf","TRUE",""
"2026-01-05 23:55:08","pdf","C:/Users/pirat/Documents/MikkabiLab_population_analysis/figures/自治会/2025/jichikai_20260105_234828/pdf/浜北地域/pie/05_自治会世帯数__北浜地区__pie.pdf","TRUE",""
"2026-01-05 23:55:13","eps","C:/Users/pirat/Documents/MikkabiLab_population_analysis/figures/自治会/2025/jichikai_20260105_234828/eps/浜北地域/bar/05_自治会世帯数__北浜地区__bar.eps","TRUE",""
"2026-01-05 23:55:14","eps","C:/Users/pirat/Documents/MikkabiLab_population_analysis/figures/自治会/2025/jichikai_20260105_234828/eps/浜北地域/pie/05_自治会世帯数__北浜地区__pie.eps","TRUE",""
"2026-01-05 23:55:18","pdf","C:/Users/pirat/Documents/MikkabiLab_population_analysis/figures/自治会/2025/jichikai_20260105_234828/pdf/天竜地域/bar/01_自治会世帯数__天竜地区__bar.pdf","TRUE",""
"2026-01-05 23:55:20","pdf","C:/Users/pirat/Documents/MikkabiLab_population_analysis/figures/自治会/2025/jichikai_20260105_234828/pdf/天竜地域/pie/01_自治会世帯数__天竜地区__pie.pdf","TRUE",""
"2026-01-05 23:55:24","eps","C:/Users/pirat/Documents/MikkabiLab_population_analysis/figures/自治会/2025/jichikai_20260105_234828/eps/天竜地域/bar/01_自治会世帯数__天竜地区__bar.eps","TRUE",""
"2026-01-05 23:55:25","eps","C:/Users/pirat/Documents/MikkabiLab_population_analysis/figures/自治会/2025/jichikai_20260105_234828/eps/天竜地域/pie/01_自治会世帯数__天竜地区__pie.eps","TRUE",""
"2026-01-05 23:55:29","pdf","C:/Users/pirat/Documents/MikkabiLab_population_analysis/figures/自治会/2025/jichikai_20260105_234828/pdf/天竜地域/bar/02_自治会世帯数__春野地区__bar.pdf","TRUE",""
"2026-01-05 23:55:30","pdf","C:/Users/pirat/Documents/MikkabiLab_population_analysis/figures/自治会/2025/jichikai_20260105_234828/pdf/天竜地域/pie/02_自治会世帯数__春野地区__pie.pdf","TRUE",""
"2026-01-05 23:55:33","eps","C:/Users/pirat/Documents/MikkabiLab_population_analysis/figures/自治会/2025/jichikai_20260105_234828/eps/天竜地域/bar/02_自治会世帯数__春野地区__bar.eps","TRUE",""
"2026-01-05 23:55:34","eps","C:/Users/pirat/Documents/MikkabiLab_population_analysis/figures/自治会/2025/jichikai_20260105_234828/eps/天竜地域/pie/02_自治会世帯数__春野地区__pie.eps","TRUE",""
"2026-01-05 23:55:37","pdf","C:/Users/pirat/Documents/MikkabiLab_population_analysis/figures/自治会/2025/jichikai_20260105_234828/pdf/天竜地域/bar/03_自治会世帯数__佐久間地区__bar.pdf","TRUE",""
"2026-01-05 23:55:39","pdf","C:/Users/pirat/Documents/MikkabiLab_population_analysis/figures/自治会/2025/jichikai_20260105_234828/pdf/天竜地域/pie/03_自治会世帯数__佐久間地区__pie.pdf","TRUE",""
"2026-01-05 23:55:41","eps","C:/Users/pirat/Documents/MikkabiLab_population_analysis/figures/自治会/2025/jichikai_20260105_234828/eps/天竜地域/bar/03_自治会世帯数__佐久間地区__bar.eps","TRUE",""
"2026-01-05 23:55:42","eps","C:/Users/pirat/Documents/MikkabiLab_population_analysis/figures/自治会/2025/jichikai_20260105_234828/eps/天竜地域/pie/03_自治会世帯数__佐久間地区__pie.eps","TRUE",""
"2026-01-05 23:55:47","pdf","C:/Users/pirat/Documents/MikkabiLab_population_analysis/figures/自治会/2025/jichikai_20260105_234828/pdf/天竜地域/bar/04_自治会世帯数__水窪地区__bar.pdf","TRUE",""
"2026-01-05 23:55:48","pdf","C:/Users/pirat/Documents/MikkabiLab_population_analysis/figures/自治会/2025/jichikai_20260105_234828/pdf/天竜地域/pie/04_自治会世帯数__水窪地区__pie.pdf","TRUE",""
"2026-01-05 23:55:51","eps","C:/Users/pirat/Documents/MikkabiLab_population_analysis/figures/自治会/2025/jichikai_20260105_234828/eps/天竜地域/bar/04_自治会世帯数__水窪地区__bar.eps","TRUE",""
"2026-01-05 23:55:52","eps","C:/Users/pirat/Documents/MikkabiLab_population_analysis/figures/自治会/2025/jichikai_20260105_234828/eps/天竜地域/pie/04_自治会世帯数__水窪地区__pie.eps","TRUE",""
"2026-01-05 23:55:56","pdf","C:/Users/pirat/Documents/MikkabiLab_population_analysis/figures/自治会/2025/jichikai_20260105_234828/pdf/天竜地域/bar/05_自治会世帯数__龍山地区__bar.pdf","TRUE",""
"2026-01-05 23:55:56","pdf","C:/Users/pirat/Documents/MikkabiLab_population_analysis/figures/自治会/2025/jichikai_20260105_234828/pdf/天竜地域/pie/05_自治会世帯数__龍山地区__pie.pdf","TRUE",""
"2026-01-05 23:56:02","eps","C:/Users/pirat/Documents/MikkabiLab_population_analysis/figures/自治会/2025/jichikai_20260105_234828/eps/天竜地域/bar/05_自治会世帯数__龍山地区__bar.eps","TRUE",""
"2026-01-05 23:56:03","eps","C:/Users/pirat/Documents/MikkabiLab_population_analysis/figures/自治会/2025/jichikai_20260105_234828/eps/天竜地域/pie/05_自治会世帯数__龍山地区__pie.eps","TRUE",""
