timestamp,format,region,prefix,type,profile_or_pie,path,w_in,h_in
"2026-01-05 23:48:28","pdf","北地域","01_自治会世帯数__三ヶ日地区","bar","default__w7h7","C:/Users/pirat/Documents/MikkabiLab_population_analysis/figures/自治会/2025/jichikai_20260105_234828/pdf/北地域/bar/01_自治会世帯数__三ヶ日地区__bar.pdf","7","6"
"2026-01-05 23:48:28","pdf","北地域","01_自治会世帯数__三ヶ日地区","pie","fixed__w7h7__top5","C:/Users/pirat/Documents/MikkabiLab_population_analysis/figures/自治会/2025/jichikai_20260105_234828/pdf/北地域/pie/01_自治会世帯数__三ヶ日地区__pie.pdf","7","7"
"2026-01-05 23:48:28","png","北地域","01_自治会世帯数__三ヶ日地区","bar","default__w7h7","C:/Users/pirat/Documents/MikkabiLab_population_analysis/figures/自治会/2025/jichikai_20260105_234828/png/北地域/bar/01_自治会世帯数__三ヶ日地区__bar.png","7","6"
"2026-01-05 23:48:28","png","北地域","01_自治会世帯数__三ヶ日地区","pie","fixed__w7h7__top5","C:/Users/pirat/Documents/MikkabiLab_population_analysis/figures/自治会/2025/jichikai_20260105_234828/png/北地域/pie/01_自治会世帯数__三ヶ日地区__pie.png","7","7"
"2026-01-05 23:48:28","svg","北地域","01_自治会世帯数__三ヶ日地区","bar","default__w7h7","C:/Users/pirat/Documents/MikkabiLab_population_analysis/figures/自治会/2025/jichikai_20260105_234828/svg/北地域/bar/01_自治会世帯数__三ヶ日地区__bar.svg","7","6"
"2026-01-05 23:48:28","svg","北地域","01_自治会世帯数__三ヶ日地区","pie","fixed__w7h7__top5","C:/Users/pirat/Documents/MikkabiLab_population_analysis/figures/自治会/2025/jichikai_20260105_234828/svg/北地域/pie/01_自治会世帯数__三ヶ日地区__pie.svg","7","7"
"2026-01-05 23:48:28","eps","北地域","01_自治会世帯数__三ヶ日地区","bar","default__w7h7","C:/Users/pirat/Documents/MikkabiLab_population_analysis/figures/自治会/2025/jichikai_20260105_234828/eps/北地域/bar/01_自治会世帯数__三ヶ日地区__bar.eps","7","6"
"2026-01-05 23:48:28","eps","北地域","01_自治会世帯数__三ヶ日地区","pie","fixed__w7h7__top5","C:/Users/pirat/Documents/MikkabiLab_population_analysis/figures/自治会/2025/jichikai_20260105_234828/eps/北地域/pie/01_自治会世帯数__三ヶ日地区__pie.eps","7","7"
"2026-01-05 23:48:45","pdf","北地域","02_自治会世帯数__引佐地区","bar","default__w7h7","C:/Users/pirat/Documents/MikkabiLab_population_analysis/figures/自治会/2025/jichikai_20260105_234828/pdf/北地域/bar/02_自治会世帯数__引佐地区__bar.pdf","7","6"
"2026-01-05 23:48:45","pdf","北地域","02_自治会世帯数__引佐地区","pie","fixed__w7h7__top5","C:/Users/pirat/Documents/MikkabiLab_population_analysis/figures/自治会/2025/jichikai_20260105_234828/pdf/北地域/pie/02_自治会世帯数__引佐地区__pie.pdf","7","7"
"2026-01-05 23:48:45","png","北地域","02_自治会世帯数__引佐地区","bar","default__w7h7","C:/Users/pirat/Documents/MikkabiLab_population_analysis/figures/自治会/2025/jichikai_20260105_234828/png/北地域/bar/02_自治会世帯数__引佐地区__bar.png","7","6"
"2026-01-05 23:48:45","png","北地域","02_自治会世帯数__引佐地区","pie","fixed__w7h7__top5","C:/Users/pirat/Documents/MikkabiLab_population_analysis/figures/自治会/2025/jichikai_20260105_234828/png/北地域/pie/02_自治会世帯数__引佐地区__pie.png","7","7"
"2026-01-05 23:48:45","svg","北地域","02_自治会世帯数__引佐地区","bar","default__w7h7","C:/Users/pirat/Documents/MikkabiLab_population_analysis/figures/自治会/2025/jichikai_20260105_234828/svg/北地域/bar/02_自治会世帯数__引佐地区__bar.svg","7","6"
"2026-01-05 23:48:45","svg","北地域","02_自治会世帯数__引佐地区","pie","fixed__w7h7__top5","C:/Users/pirat/Documents/MikkabiLab_population_analysis/figures/自治会/2025/jichikai_20260105_234828/svg/北地域/pie/02_自治会世帯数__引佐地区__pie.svg","7","7"
"2026-01-05 23:48:45","eps","北地域","02_自治会世帯数__引佐地区","bar","default__w7h7","C:/Users/pirat/Documents/MikkabiLab_population_analysis/figures/自治会/2025/jichikai_20260105_234828/eps/北地域/bar/02_自治会世帯数__引佐地区__bar.eps","7","6"
"2026-01-05 23:48:45","eps","北地域","02_自治会世帯数__引佐地区","pie","fixed__w7h7__top5","C:/Users/pirat/Documents/MikkabiLab_population_analysis/figures/自治会/2025/jichikai_20260105_234828/eps/北地域/pie/02_自治会世帯数__引佐地区__pie.eps","7","7"
"2026-01-05 23:48:58","pdf","北地域","03_自治会世帯数__細江地区","bar","default__w7h7","C:/Users/pirat/Documents/MikkabiLab_population_analysis/figures/自治会/2025/jichikai_20260105_234828/pdf/北地域/bar/03_自治会世帯数__細江地区__bar.pdf","7","6"
"2026-01-05 23:48:58","pdf","北地域","03_自治会世帯数__細江地区","pie","fixed__w7h7__top5","C:/Users/pirat/Documents/MikkabiLab_population_analysis/figures/自治会/2025/jichikai_20260105_234828/pdf/北地域/pie/03_自治会世帯数__細江地区__pie.pdf","7","7"
"2026-01-05 23:48:58","png","北地域","03_自治会世帯数__細江地区","bar","default__w7h7","C:/Users/pirat/Documents/MikkabiLab_population_analysis/figures/自治会/2025/jichikai_20260105_234828/png/北地域/bar/03_自治会世帯数__細江地区__bar.png","7","6"
"2026-01-05 23:48:58","png","北地域","03_自治会世帯数__細江地区","pie","fixed__w7h7__top5","C:/Users/pirat/Documents/MikkabiLab_population_analysis/figures/自治会/2025/jichikai_20260105_234828/png/北地域/pie/03_自治会世帯数__細江地区__pie.png","7","7"
"2026-01-05 23:48:58","svg","北地域","03_自治会世帯数__細江地区","bar","default__w7h7","C:/Users/pirat/Documents/MikkabiLab_population_analysis/figures/自治会/2025/jichikai_20260105_234828/svg/北地域/bar/03_自治会世帯数__細江地区__bar.svg","7","6"
"2026-01-05 23:48:58","svg","北地域","03_自治会世帯数__細江地区","pie","fixed__w7h7__top5","C:/Users/pirat/Documents/MikkabiLab_population_analysis/figures/自治会/2025/jichikai_20260105_234828/svg/北地域/pie/03_自治会世帯数__細江地区__pie.svg","7","7"
"2026-01-05 23:48:58","eps","北地域","03_自治会世帯数__細江地区","bar","default__w7h7","C:/Users/pirat/Documents/MikkabiLab_population_analysis/figures/自治会/2025/jichikai_20260105_234828/eps/北地域/bar/03_自治会世帯数__細江地区__bar.eps","7","6"
"2026-01-05 23:48:58","eps","北地域","03_自治会世帯数__細江地区","pie","fixed__w7h7__top5","C:/Users/pirat/Documents/MikkabiLab_population_analysis/figures/自治会/2025/jichikai_20260105_234828/eps/北地域/pie/03_自治会世帯数__細江地区__pie.eps","7","7"
"2026-01-05 23:49:06","pdf","北地域","04_自治会世帯数__都田地区","bar","n11-15__w7h5__bw0.5","C:/Users/pirat/Documents/MikkabiLab_population_analysis/figures/自治会/2025/jichikai_20260105_234828/pdf/北地域/bar/04_自治会世帯数__都田地区__bar.pdf","7","5"
"2026-01-05 23:49:06","pdf","北地域","04_自治会世帯数__都田地区","pie","fixed__w7h7__top5","C:/Users/pirat/Documents/MikkabiLab_population_analysis/figures/自治会/2025/jichikai_20260105_234828/pdf/北地域/pie/04_自治会世帯数__都田地区__pie.pdf","7","7"
"2026-01-05 23:49:06","png","北地域","04_自治会世帯数__都田地区","bar","n11-15__w7h5__bw0.5","C:/Users/pirat/Documents/MikkabiLab_population_analysis/figures/自治会/2025/jichikai_20260105_234828/png/北地域/bar/04_自治会世帯数__都田地区__bar.png","7","5"
"2026-01-05 23:49:06","png","北地域","04_自治会世帯数__都田地区","pie","fixed__w7h7__top5","C:/Users/pirat/Documents/MikkabiLab_population_analysis/figures/自治会/2025/jichikai_20260105_234828/png/北地域/pie/04_自治会世帯数__都田地区__pie.png","7","7"
"2026-01-05 23:49:06","svg","北地域","04_自治会世帯数__都田地区","bar","n11-15__w7h5__bw0.5","C:/Users/pirat/Documents/MikkabiLab_population_analysis/figures/自治会/2025/jichikai_20260105_234828/svg/北地域/bar/04_自治会世帯数__都田地区__bar.svg","7","5"
"2026-01-05 23:49:06","svg","北地域","04_自治会世帯数__都田地区","pie","fixed__w7h7__top5","C:/Users/pirat/Documents/MikkabiLab_population_analysis/figures/自治会/2025/jichikai_20260105_234828/svg/北地域/pie/04_自治会世帯数__都田地区__pie.svg","7","7"
"2026-01-05 23:49:06","eps","北地域","04_自治会世帯数__都田地区","bar","n11-15__w7h5__bw0.5","C:/Users/pirat/Documents/MikkabiLab_population_analysis/figures/自治会/2025/jichikai_20260105_234828/eps/北地域/bar/04_自治会世帯数__都田地区__bar.eps","7","5"
"2026-01-05 23:49:06","eps","北地域","04_自治会世帯数__都田地区","pie","fixed__w7h7__top5","C:/Users/pirat/Documents/MikkabiLab_population_analysis/figures/自治会/2025/jichikai_20260105_234828/eps/北地域/pie/04_自治会世帯数__都田地区__pie.eps","7","7"
"2026-01-05 23:49:14","pdf","北地域","05_自治会世帯数__新都田地区","bar","n01_05__w7h4__bw0.5","C:/Users/pirat/Documents/MikkabiLab_population_analysis/figures/自治会/2025/jichikai_20260105_234828/pdf/北地域/bar/05_自治会世帯数__新都田地区__bar.pdf","7","3"
"2026-01-05 23:49:14","pdf","北地域","05_自治会世帯数__新都田地区","pie","fixed__w7h7__top5","C:/Users/pirat/Documents/MikkabiLab_population_analysis/figures/自治会/2025/jichikai_20260105_234828/pdf/北地域/pie/05_自治会世帯数__新都田地区__pie.pdf","7","7"
"2026-01-05 23:49:14","png","北地域","05_自治会世帯数__新都田地区","bar","n01_05__w7h4__bw0.5","C:/Users/pirat/Documents/MikkabiLab_population_analysis/figures/自治会/2025/jichikai_20260105_234828/png/北地域/bar/05_自治会世帯数__新都田地区__bar.png","7","3"
"2026-01-05 23:49:14","png","北地域","05_自治会世帯数__新都田地区","pie","fixed__w7h7__top5","C:/Users/pirat/Documents/MikkabiLab_population_analysis/figures/自治会/2025/jichikai_20260105_234828/png/北地域/pie/05_自治会世帯数__新都田地区__pie.png","7","7"
"2026-01-05 23:49:14","svg","北地域","05_自治会世帯数__新都田地区","bar","n01_05__w7h4__bw0.5","C:/Users/pirat/Documents/MikkabiLab_population_analysis/figures/自治会/2025/jichikai_20260105_234828/svg/北地域/bar/05_自治会世帯数__新都田地区__bar.svg","7","3"
"2026-01-05 23:49:14","svg","北地域","05_自治会世帯数__新都田地区","pie","fixed__w7h7__top5","C:/Users/pirat/Documents/MikkabiLab_population_analysis/figures/自治会/2025/jichikai_20260105_234828/svg/北地域/pie/05_自治会世帯数__新都田地区__pie.svg","7","7"
"2026-01-05 23:49:14","eps","北地域","05_自治会世帯数__新都田地区","bar","n01_05__w7h4__bw0.5","C:/Users/pirat/Documents/MikkabiLab_population_analysis/figures/自治会/2025/jichikai_20260105_234828/eps/北地域/bar/05_自治会世帯数__新都田地区__bar.eps","7","3"
"2026-01-05 23:49:14","eps","北地域","05_自治会世帯数__新都田地区","pie","fixed__w7h7__top5","C:/Users/pirat/Documents/MikkabiLab_population_analysis/figures/自治会/2025/jichikai_20260105_234828/eps/北地域/pie/05_自治会世帯数__新都田地区__pie.eps","7","7"
"2026-01-05 23:49:22","pdf","東地域","01_自治会世帯数__中ノ町地区","bar","n06-10__w7h3__bw0.5","C:/Users/pirat/Documents/MikkabiLab_population_analysis/figures/自治会/2025/jichikai_20260105_234828/pdf/東地域/bar/01_自治会世帯数__中ノ町地区__bar.pdf","7","4"
"2026-01-05 23:49:22","pdf","東地域","01_自治会世帯数__中ノ町地区","pie","fixed__w7h7__top5","C:/Users/pirat/Documents/MikkabiLab_population_analysis/figures/自治会/2025/jichikai_20260105_234828/pdf/東地域/pie/01_自治会世帯数__中ノ町地区__pie.pdf","7","7"
"2026-01-05 23:49:22","png","東地域","01_自治会世帯数__中ノ町地区","bar","n06-10__w7h3__bw0.5","C:/Users/pirat/Documents/MikkabiLab_population_analysis/figures/自治会/2025/jichikai_20260105_234828/png/東地域/bar/01_自治会世帯数__中ノ町地区__bar.png","7","4"
"2026-01-05 23:49:22","png","東地域","01_自治会世帯数__中ノ町地区","pie","fixed__w7h7__top5","C:/Users/pirat/Documents/MikkabiLab_population_analysis/figures/自治会/2025/jichikai_20260105_234828/png/東地域/pie/01_自治会世帯数__中ノ町地区__pie.png","7","7"
"2026-01-05 23:49:22","svg","東地域","01_自治会世帯数__中ノ町地区","bar","n06-10__w7h3__bw0.5","C:/Users/pirat/Documents/MikkabiLab_population_analysis/figures/自治会/2025/jichikai_20260105_234828/svg/東地域/bar/01_自治会世帯数__中ノ町地区__bar.svg","7","4"
"2026-01-05 23:49:22","svg","東地域","01_自治会世帯数__中ノ町地区","pie","fixed__w7h7__top5","C:/Users/pirat/Documents/MikkabiLab_population_analysis/figures/自治会/2025/jichikai_20260105_234828/svg/東地域/pie/01_自治会世帯数__中ノ町地区__pie.svg","7","7"
"2026-01-05 23:49:22","eps","東地域","01_自治会世帯数__中ノ町地区","bar","n06-10__w7h3__bw0.5","C:/Users/pirat/Documents/MikkabiLab_population_analysis/figures/自治会/2025/jichikai_20260105_234828/eps/東地域/bar/01_自治会世帯数__中ノ町地区__bar.eps","7","4"
"2026-01-05 23:49:22","eps","東地域","01_自治会世帯数__中ノ町地区","pie","fixed__w7h7__top5","C:/Users/pirat/Documents/MikkabiLab_population_analysis/figures/自治会/2025/jichikai_20260105_234828/eps/東地域/pie/01_自治会世帯数__中ノ町地区__pie.eps","7","7"
"2026-01-05 23:49:30","pdf","東地域","02_自治会世帯数__和田地区","bar","n11-15__w7h5__bw0.5","C:/Users/pirat/Documents/MikkabiLab_population_analysis/figures/自治会/2025/jichikai_20260105_234828/pdf/東地域/bar/02_自治会世帯数__和田地区__bar.pdf","7","5"
"2026-01-05 23:49:30","pdf","東地域","02_自治会世帯数__和田地区","pie","fixed__w7h7__top5","C:/Users/pirat/Documents/MikkabiLab_population_analysis/figures/自治会/2025/jichikai_20260105_234828/pdf/東地域/pie/02_自治会世帯数__和田地区__pie.pdf","7","7"
"2026-01-05 23:49:30","png","東地域","02_自治会世帯数__和田地区","bar","n11-15__w7h5__bw0.5","C:/Users/pirat/Documents/MikkabiLab_population_analysis/figures/自治会/2025/jichikai_20260105_234828/png/東地域/bar/02_自治会世帯数__和田地区__bar.png","7","5"
"2026-01-05 23:49:30","png","東地域","02_自治会世帯数__和田地区","pie","fixed__w7h7__top5","C:/Users/pirat/Documents/MikkabiLab_population_analysis/figures/自治会/2025/jichikai_20260105_234828/png/東地域/pie/02_自治会世帯数__和田地区__pie.png","7","7"
"2026-01-05 23:49:30","svg","東地域","02_自治会世帯数__和田地区","bar","n11-15__w7h5__bw0.5","C:/Users/pirat/Documents/MikkabiLab_population_analysis/figures/自治会/2025/jichikai_20260105_234828/svg/東地域/bar/02_自治会世帯数__和田地区__bar.svg","7","5"
"2026-01-05 23:49:30","svg","東地域","02_自治会世帯数__和田地区","pie","fixed__w7h7__top5","C:/Users/pirat/Documents/MikkabiLab_population_analysis/figures/自治会/2025/jichikai_20260105_234828/svg/東地域/pie/02_自治会世帯数__和田地区__pie.svg","7","7"
"2026-01-05 23:49:30","eps","東地域","02_自治会世帯数__和田地区","bar","n11-15__w7h5__bw0.5","C:/Users/pirat/Documents/MikkabiLab_population_analysis/figures/自治会/2025/jichikai_20260105_234828/eps/東地域/bar/02_自治会世帯数__和田地区__bar.eps","7","5"
"2026-01-05 23:49:30","eps","東地域","02_自治会世帯数__和田地区","pie","fixed__w7h7__top5","C:/Users/pirat/Documents/MikkabiLab_population_analysis/figures/自治会/2025/jichikai_20260105_234828/eps/東地域/pie/02_自治会世帯数__和田地区__pie.eps","7","7"
"2026-01-05 23:49:38","pdf","東地域","03_自治会世帯数__積志地区","bar","default__w7h7","C:/Users/pirat/Documents/MikkabiLab_population_analysis/figures/自治会/2025/jichikai_20260105_234828/pdf/東地域/bar/03_自治会世帯数__積志地区__bar.pdf","7","6"
"2026-01-05 23:49:38","pdf","東地域","03_自治会世帯数__積志地区","pie","fixed__w7h7__top5","C:/Users/pirat/Documents/MikkabiLab_population_analysis/figures/自治会/2025/jichikai_20260105_234828/pdf/東地域/pie/03_自治会世帯数__積志地区__pie.pdf","7","7"
"2026-01-05 23:49:38","png","東地域","03_自治会世帯数__積志地区","bar","default__w7h7","C:/Users/pirat/Documents/MikkabiLab_population_analysis/figures/自治会/2025/jichikai_20260105_234828/png/東地域/bar/03_自治会世帯数__積志地区__bar.png","7","6"
"2026-01-05 23:49:38","png","東地域","03_自治会世帯数__積志地区","pie","fixed__w7h7__top5","C:/Users/pirat/Documents/MikkabiLab_population_analysis/figures/自治会/2025/jichikai_20260105_234828/png/東地域/pie/03_自治会世帯数__積志地区__pie.png","7","7"
"2026-01-05 23:49:38","svg","東地域","03_自治会世帯数__積志地区","bar","default__w7h7","C:/Users/pirat/Documents/MikkabiLab_population_analysis/figures/自治会/2025/jichikai_20260105_234828/svg/東地域/bar/03_自治会世帯数__積志地区__bar.svg","7","6"
"2026-01-05 23:49:38","svg","東地域","03_自治会世帯数__積志地区","pie","fixed__w7h7__top5","C:/Users/pirat/Documents/MikkabiLab_population_analysis/figures/自治会/2025/jichikai_20260105_234828/svg/東地域/pie/03_自治会世帯数__積志地区__pie.svg","7","7"
"2026-01-05 23:49:38","eps","東地域","03_自治会世帯数__積志地区","bar","default__w7h7","C:/Users/pirat/Documents/MikkabiLab_population_analysis/figures/自治会/2025/jichikai_20260105_234828/eps/東地域/bar/03_自治会世帯数__積志地区__bar.eps","7","6"
"2026-01-05 23:49:38","eps","東地域","03_自治会世帯数__積志地区","pie","fixed__w7h7__top5","C:/Users/pirat/Documents/MikkabiLab_population_analysis/figures/自治会/2025/jichikai_20260105_234828/eps/東地域/pie/03_自治会世帯数__積志地区__pie.eps","7","7"
"2026-01-05 23:49:45","pdf","東地域","04_自治会世帯数__笠井地区","bar","default__w7h7","C:/Users/pirat/Documents/MikkabiLab_population_analysis/figures/自治会/2025/jichikai_20260105_234828/pdf/東地域/bar/04_自治会世帯数__笠井地区__bar.pdf","7","6"
"2026-01-05 23:49:45","pdf","東地域","04_自治会世帯数__笠井地区","pie","fixed__w7h7__top5","C:/Users/pirat/Documents/MikkabiLab_population_analysis/figures/自治会/2025/jichikai_20260105_234828/pdf/東地域/pie/04_自治会世帯数__笠井地区__pie.pdf","7","7"
"2026-01-05 23:49:45","png","東地域","04_自治会世帯数__笠井地区","bar","default__w7h7","C:/Users/pirat/Documents/MikkabiLab_population_analysis/figures/自治会/2025/jichikai_20260105_234828/png/東地域/bar/04_自治会世帯数__笠井地区__bar.png","7","6"
"2026-01-05 23:49:45","png","東地域","04_自治会世帯数__笠井地区","pie","fixed__w7h7__top5","C:/Users/pirat/Documents/MikkabiLab_population_analysis/figures/自治会/2025/jichikai_20260105_234828/png/東地域/pie/04_自治会世帯数__笠井地区__pie.png","7","7"
"2026-01-05 23:49:45","svg","東地域","04_自治会世帯数__笠井地区","bar","default__w7h7","C:/Users/pirat/Documents/MikkabiLab_population_analysis/figures/自治会/2025/jichikai_20260105_234828/svg/東地域/bar/04_自治会世帯数__笠井地区__bar.svg","7","6"
"2026-01-05 23:49:45","svg","東地域","04_自治会世帯数__笠井地区","pie","fixed__w7h7__top5","C:/Users/pirat/Documents/MikkabiLab_population_analysis/figures/自治会/2025/jichikai_20260105_234828/svg/東地域/pie/04_自治会世帯数__笠井地区__pie.svg","7","7"
"2026-01-05 23:49:45","eps","東地域","04_自治会世帯数__笠井地区","bar","default__w7h7","C:/Users/pirat/Documents/MikkabiLab_population_analysis/figures/自治会/2025/jichikai_20260105_234828/eps/東地域/bar/04_自治会世帯数__笠井地区__bar.eps","7","6"
"2026-01-05 23:49:45","eps","東地域","04_自治会世帯数__笠井地区","pie","fixed__w7h7__top5","C:/Users/pirat/Documents/MikkabiLab_population_analysis/figures/自治会/2025/jichikai_20260105_234828/eps/東地域/pie/04_自治会世帯数__笠井地区__pie.eps","7","7"
"2026-01-05 23:49:55","pdf","東地域","05_自治会世帯数__蒲地区","bar","n11-15__w7h5__bw0.5","C:/Users/pirat/Documents/MikkabiLab_population_analysis/figures/自治会/2025/jichikai_20260105_234828/pdf/東地域/bar/05_自治会世帯数__蒲地区__bar.pdf","7","5"
"2026-01-05 23:49:55","pdf","東地域","05_自治会世帯数__蒲地区","pie","fixed__w7h7__top5","C:/Users/pirat/Documents/MikkabiLab_population_analysis/figures/自治会/2025/jichikai_20260105_234828/pdf/東地域/pie/05_自治会世帯数__蒲地区__pie.pdf","7","7"
"2026-01-05 23:49:55","png","東地域","05_自治会世帯数__蒲地区","bar","n11-15__w7h5__bw0.5","C:/Users/pirat/Documents/MikkabiLab_population_analysis/figures/自治会/2025/jichikai_20260105_234828/png/東地域/bar/05_自治会世帯数__蒲地区__bar.png","7","5"
"2026-01-05 23:49:55","png","東地域","05_自治会世帯数__蒲地区","pie","fixed__w7h7__top5","C:/Users/pirat/Documents/MikkabiLab_population_analysis/figures/自治会/2025/jichikai_20260105_234828/png/東地域/pie/05_自治会世帯数__蒲地区__pie.png","7","7"
"2026-01-05 23:49:55","svg","東地域","05_自治会世帯数__蒲地区","bar","n11-15__w7h5__bw0.5","C:/Users/pirat/Documents/MikkabiLab_population_analysis/figures/自治会/2025/jichikai_20260105_234828/svg/東地域/bar/05_自治会世帯数__蒲地区__bar.svg","7","5"
"2026-01-05 23:49:55","svg","東地域","05_自治会世帯数__蒲地区","pie","fixed__w7h7__top5","C:/Users/pirat/Documents/MikkabiLab_population_analysis/figures/自治会/2025/jichikai_20260105_234828/svg/東地域/pie/05_自治会世帯数__蒲地区__pie.svg","7","7"
"2026-01-05 23:49:55","eps","東地域","05_自治会世帯数__蒲地区","bar","n11-15__w7h5__bw0.5","C:/Users/pirat/Documents/MikkabiLab_population_analysis/figures/自治会/2025/jichikai_20260105_234828/eps/東地域/bar/05_自治会世帯数__蒲地区__bar.eps","7","5"
"2026-01-05 23:49:55","eps","東地域","05_自治会世帯数__蒲地区","pie","fixed__w7h7__top5","C:/Users/pirat/Documents/MikkabiLab_population_analysis/figures/自治会/2025/jichikai_20260105_234828/eps/東地域/pie/05_自治会世帯数__蒲地区__pie.eps","7","7"
"2026-01-05 23:50:04","pdf","東地域","06_自治会世帯数__長上地区","bar","n11-15__w7h5__bw0.5","C:/Users/pirat/Documents/MikkabiLab_population_analysis/figures/自治会/2025/jichikai_20260105_234828/pdf/東地域/bar/06_自治会世帯数__長上地区__bar.pdf","7","5"
"2026-01-05 23:50:04","pdf","東地域","06_自治会世帯数__長上地区","pie","fixed__w7h7__top5","C:/Users/pirat/Documents/MikkabiLab_population_analysis/figures/自治会/2025/jichikai_20260105_234828/pdf/東地域/pie/06_自治会世帯数__長上地区__pie.pdf","7","7"
"2026-01-05 23:50:04","png","東地域","06_自治会世帯数__長上地区","bar","n11-15__w7h5__bw0.5","C:/Users/pirat/Documents/MikkabiLab_population_analysis/figures/自治会/2025/jichikai_20260105_234828/png/東地域/bar/06_自治会世帯数__長上地区__bar.png","7","5"
"2026-01-05 23:50:04","png","東地域","06_自治会世帯数__長上地区","pie","fixed__w7h7__top5","C:/Users/pirat/Documents/MikkabiLab_population_analysis/figures/自治会/2025/jichikai_20260105_234828/png/東地域/pie/06_自治会世帯数__長上地区__pie.png","7","7"
"2026-01-05 23:50:04","svg","東地域","06_自治会世帯数__長上地区","bar","n11-15__w7h5__bw0.5","C:/Users/pirat/Documents/MikkabiLab_population_analysis/figures/自治会/2025/jichikai_20260105_234828/svg/東地域/bar/06_自治会世帯数__長上地区__bar.svg","7","5"
"2026-01-05 23:50:04","svg","東地域","06_自治会世帯数__長上地区","pie","fixed__w7h7__top5","C:/Users/pirat/Documents/MikkabiLab_population_analysis/figures/自治会/2025/jichikai_20260105_234828/svg/東地域/pie/06_自治会世帯数__長上地区__pie.svg","7","7"
"2026-01-05 23:50:04","eps","東地域","06_自治会世帯数__長上地区","bar","n11-15__w7h5__bw0.5","C:/Users/pirat/Documents/MikkabiLab_population_analysis/figures/自治会/2025/jichikai_20260105_234828/eps/東地域/bar/06_自治会世帯数__長上地区__bar.eps","7","5"
"2026-01-05 23:50:04","eps","東地域","06_自治会世帯数__長上地区","pie","fixed__w7h7__top5","C:/Users/pirat/Documents/MikkabiLab_population_analysis/figures/自治会/2025/jichikai_20260105_234828/eps/東地域/pie/06_自治会世帯数__長上地区__pie.eps","7","7"
"2026-01-05 23:50:13","pdf","西地域","01_自治会世帯数__伊佐見地区","bar","n06-10__w7h3__bw0.5","C:/Users/pirat/Documents/MikkabiLab_population_analysis/figures/自治会/2025/jichikai_20260105_234828/pdf/西地域/bar/01_自治会世帯数__伊佐見地区__bar.pdf","7","4"
"2026-01-05 23:50:13","pdf","西地域","01_自治会世帯数__伊佐見地区","pie","fixed__w7h7__top5","C:/Users/pirat/Documents/MikkabiLab_population_analysis/figures/自治会/2025/jichikai_20260105_234828/pdf/西地域/pie/01_自治会世帯数__伊佐見地区__pie.pdf","7","7"
"2026-01-05 23:50:13","png","西地域","01_自治会世帯数__伊佐見地区","bar","n06-10__w7h3__bw0.5","C:/Users/pirat/Documents/MikkabiLab_population_analysis/figures/自治会/2025/jichikai_20260105_234828/png/西地域/bar/01_自治会世帯数__伊佐見地区__bar.png","7","4"
"2026-01-05 23:50:13","png","西地域","01_自治会世帯数__伊佐見地区","pie","fixed__w7h7__top5","C:/Users/pirat/Documents/MikkabiLab_population_analysis/figures/自治会/2025/jichikai_20260105_234828/png/西地域/pie/01_自治会世帯数__伊佐見地区__pie.png","7","7"
"2026-01-05 23:50:13","svg","西地域","01_自治会世帯数__伊佐見地区","bar","n06-10__w7h3__bw0.5","C:/Users/pirat/Documents/MikkabiLab_population_analysis/figures/自治会/2025/jichikai_20260105_234828/svg/西地域/bar/01_自治会世帯数__伊佐見地区__bar.svg","7","4"
"2026-01-05 23:50:13","svg","西地域","01_自治会世帯数__伊佐見地区","pie","fixed__w7h7__top5","C:/Users/pirat/Documents/MikkabiLab_population_analysis/figures/自治会/2025/jichikai_20260105_234828/svg/西地域/pie/01_自治会世帯数__伊佐見地区__pie.svg","7","7"
"2026-01-05 23:50:13","eps","西地域","01_自治会世帯数__伊佐見地区","bar","n06-10__w7h3__bw0.5","C:/Users/pirat/Documents/MikkabiLab_population_analysis/figures/自治会/2025/jichikai_20260105_234828/eps/西地域/bar/01_自治会世帯数__伊佐見地区__bar.eps","7","4"
"2026-01-05 23:50:13","eps","西地域","01_自治会世帯数__伊佐見地区","pie","fixed__w7h7__top5","C:/Users/pirat/Documents/MikkabiLab_population_analysis/figures/自治会/2025/jichikai_20260105_234828/eps/西地域/pie/01_自治会世帯数__伊佐見地区__pie.eps","7","7"
"2026-01-05 23:50:20","pdf","西地域","02_自治会世帯数__入野地区","bar","n11-15__w7h5__bw0.5","C:/Users/pirat/Documents/MikkabiLab_population_analysis/figures/自治会/2025/jichikai_20260105_234828/pdf/西地域/bar/02_自治会世帯数__入野地区__bar.pdf","7","5"
"2026-01-05 23:50:20","pdf","西地域","02_自治会世帯数__入野地区","pie","fixed__w7h7__top5","C:/Users/pirat/Documents/MikkabiLab_population_analysis/figures/自治会/2025/jichikai_20260105_234828/pdf/西地域/pie/02_自治会世帯数__入野地区__pie.pdf","7","7"
"2026-01-05 23:50:20","png","西地域","02_自治会世帯数__入野地区","bar","n11-15__w7h5__bw0.5","C:/Users/pirat/Documents/MikkabiLab_population_analysis/figures/自治会/2025/jichikai_20260105_234828/png/西地域/bar/02_自治会世帯数__入野地区__bar.png","7","5"
"2026-01-05 23:50:20","png","西地域","02_自治会世帯数__入野地区","pie","fixed__w7h7__top5","C:/Users/pirat/Documents/MikkabiLab_population_analysis/figures/自治会/2025/jichikai_20260105_234828/png/西地域/pie/02_自治会世帯数__入野地区__pie.png","7","7"
"2026-01-05 23:50:20","svg","西地域","02_自治会世帯数__入野地区","bar","n11-15__w7h5__bw0.5","C:/Users/pirat/Documents/MikkabiLab_population_analysis/figures/自治会/2025/jichikai_20260105_234828/svg/西地域/bar/02_自治会世帯数__入野地区__bar.svg","7","5"
"2026-01-05 23:50:20","svg","西地域","02_自治会世帯数__入野地区","pie","fixed__w7h7__top5","C:/Users/pirat/Documents/MikkabiLab_population_analysis/figures/自治会/2025/jichikai_20260105_234828/svg/西地域/pie/02_自治会世帯数__入野地区__pie.svg","7","7"
"2026-01-05 23:50:20","eps","西地域","02_自治会世帯数__入野地区","bar","n11-15__w7h5__bw0.5","C:/Users/pirat/Documents/MikkabiLab_population_analysis/figures/自治会/2025/jichikai_20260105_234828/eps/西地域/bar/02_自治会世帯数__入野地区__bar.eps","7","5"
"2026-01-05 23:50:20","eps","西地域","02_自治会世帯数__入野地区","pie","fixed__w7h7__top5","C:/Users/pirat/Documents/MikkabiLab_population_analysis/figures/自治会/2025/jichikai_20260105_234828/eps/西地域/pie/02_自治会世帯数__入野地区__pie.eps","7","7"
"2026-01-05 23:50:28","pdf","西地域","03_自治会世帯数__和地地区","bar","n06-10__w7h3__bw0.5","C:/Users/pirat/Documents/MikkabiLab_population_analysis/figures/自治会/2025/jichikai_20260105_234828/pdf/西地域/bar/03_自治会世帯数__和地地区__bar.pdf","7","4"
"2026-01-05 23:50:28","pdf","西地域","03_自治会世帯数__和地地区","pie","fixed__w7h7__top5","C:/Users/pirat/Documents/MikkabiLab_population_analysis/figures/自治会/2025/jichikai_20260105_234828/pdf/西地域/pie/03_自治会世帯数__和地地区__pie.pdf","7","7"
"2026-01-05 23:50:28","png","西地域","03_自治会世帯数__和地地区","bar","n06-10__w7h3__bw0.5","C:/Users/pirat/Documents/MikkabiLab_population_analysis/figures/自治会/2025/jichikai_20260105_234828/png/西地域/bar/03_自治会世帯数__和地地区__bar.png","7","4"
"2026-01-05 23:50:28","png","西地域","03_自治会世帯数__和地地区","pie","fixed__w7h7__top5","C:/Users/pirat/Documents/MikkabiLab_population_analysis/figures/自治会/2025/jichikai_20260105_234828/png/西地域/pie/03_自治会世帯数__和地地区__pie.png","7","7"
"2026-01-05 23:50:28","svg","西地域","03_自治会世帯数__和地地区","bar","n06-10__w7h3__bw0.5","C:/Users/pirat/Documents/MikkabiLab_population_analysis/figures/自治会/2025/jichikai_20260105_234828/svg/西地域/bar/03_自治会世帯数__和地地区__bar.svg","7","4"
"2026-01-05 23:50:28","svg","西地域","03_自治会世帯数__和地地区","pie","fixed__w7h7__top5","C:/Users/pirat/Documents/MikkabiLab_population_analysis/figures/自治会/2025/jichikai_20260105_234828/svg/西地域/pie/03_自治会世帯数__和地地区__pie.svg","7","7"
"2026-01-05 23:50:28","eps","西地域","03_自治会世帯数__和地地区","bar","n06-10__w7h3__bw0.5","C:/Users/pirat/Documents/MikkabiLab_population_analysis/figures/自治会/2025/jichikai_20260105_234828/eps/西地域/bar/03_自治会世帯数__和地地区__bar.eps","7","4"
"2026-01-05 23:50:28","eps","西地域","03_自治会世帯数__和地地区","pie","fixed__w7h7__top5","C:/Users/pirat/Documents/MikkabiLab_population_analysis/figures/自治会/2025/jichikai_20260105_234828/eps/西地域/pie/03_自治会世帯数__和地地区__pie.eps","7","7"
"2026-01-05 23:50:36","pdf","西地域","04_自治会世帯数__庄内地区","bar","n06-10__w7h3__bw0.5","C:/Users/pirat/Documents/MikkabiLab_population_analysis/figures/自治会/2025/jichikai_20260105_234828/pdf/西地域/bar/04_自治会世帯数__庄内地区__bar.pdf","7","4"
"2026-01-05 23:50:36","pdf","西地域","04_自治会世帯数__庄内地区","pie","fixed__w7h7__top5","C:/Users/pirat/Documents/MikkabiLab_population_analysis/figures/自治会/2025/jichikai_20260105_234828/pdf/西地域/pie/04_自治会世帯数__庄内地区__pie.pdf","7","7"
"2026-01-05 23:50:36","png","西地域","04_自治会世帯数__庄内地区","bar","n06-10__w7h3__bw0.5","C:/Users/pirat/Documents/MikkabiLab_population_analysis/figures/自治会/2025/jichikai_20260105_234828/png/西地域/bar/04_自治会世帯数__庄内地区__bar.png","7","4"
"2026-01-05 23:50:36","png","西地域","04_自治会世帯数__庄内地区","pie","fixed__w7h7__top5","C:/Users/pirat/Documents/MikkabiLab_population_analysis/figures/自治会/2025/jichikai_20260105_234828/png/西地域/pie/04_自治会世帯数__庄内地区__pie.png","7","7"
"2026-01-05 23:50:36","svg","西地域","04_自治会世帯数__庄内地区","bar","n06-10__w7h3__bw0.5","C:/Users/pirat/Documents/MikkabiLab_population_analysis/figures/自治会/2025/jichikai_20260105_234828/svg/西地域/bar/04_自治会世帯数__庄内地区__bar.svg","7","4"
"2026-01-05 23:50:36","svg","西地域","04_自治会世帯数__庄内地区","pie","fixed__w7h7__top5","C:/Users/pirat/Documents/MikkabiLab_population_analysis/figures/自治会/2025/jichikai_20260105_234828/svg/西地域/pie/04_自治会世帯数__庄内地区__pie.svg","7","7"
"2026-01-05 23:50:36","eps","西地域","04_自治会世帯数__庄内地区","bar","n06-10__w7h3__bw0.5","C:/Users/pirat/Documents/MikkabiLab_population_analysis/figures/自治会/2025/jichikai_20260105_234828/eps/西地域/bar/04_自治会世帯数__庄内地区__bar.eps","7","4"
"2026-01-05 23:50:36","eps","西地域","04_自治会世帯数__庄内地区","pie","fixed__w7h7__top5","C:/Users/pirat/Documents/MikkabiLab_population_analysis/figures/自治会/2025/jichikai_20260105_234828/eps/西地域/pie/04_自治会世帯数__庄内地区__pie.eps","7","7"
"2026-01-05 23:50:44","pdf","西地域","05_自治会世帯数__神久呂地区","bar","n01_05__w7h4__bw0.5","C:/Users/pirat/Documents/MikkabiLab_population_analysis/figures/自治会/2025/jichikai_20260105_234828/pdf/西地域/bar/05_自治会世帯数__神久呂地区__bar.pdf","7","3"
"2026-01-05 23:50:44","pdf","西地域","05_自治会世帯数__神久呂地区","pie","fixed__w7h7__top5","C:/Users/pirat/Documents/MikkabiLab_population_analysis/figures/自治会/2025/jichikai_20260105_234828/pdf/西地域/pie/05_自治会世帯数__神久呂地区__pie.pdf","7","7"
"2026-01-05 23:50:44","png","西地域","05_自治会世帯数__神久呂地区","bar","n01_05__w7h4__bw0.5","C:/Users/pirat/Documents/MikkabiLab_population_analysis/figures/自治会/2025/jichikai_20260105_234828/png/西地域/bar/05_自治会世帯数__神久呂地区__bar.png","7","3"
"2026-01-05 23:50:44","png","西地域","05_自治会世帯数__神久呂地区","pie","fixed__w7h7__top5","C:/Users/pirat/Documents/MikkabiLab_population_analysis/figures/自治会/2025/jichikai_20260105_234828/png/西地域/pie/05_自治会世帯数__神久呂地区__pie.png","7","7"
"2026-01-05 23:50:44","svg","西地域","05_自治会世帯数__神久呂地区","bar","n01_05__w7h4__bw0.5","C:/Users/pirat/Documents/MikkabiLab_population_analysis/figures/自治会/2025/jichikai_20260105_234828/svg/西地域/bar/05_自治会世帯数__神久呂地区__bar.svg","7","3"
"2026-01-05 23:50:44","svg","西地域","05_自治会世帯数__神久呂地区","pie","fixed__w7h7__top5","C:/Users/pirat/Documents/MikkabiLab_population_analysis/figures/自治会/2025/jichikai_20260105_234828/svg/西地域/pie/05_自治会世帯数__神久呂地区__pie.svg","7","7"
"2026-01-05 23:50:44","eps","西地域","05_自治会世帯数__神久呂地区","bar","n01_05__w7h4__bw0.5","C:/Users/pirat/Documents/MikkabiLab_population_analysis/figures/自治会/2025/jichikai_20260105_234828/eps/西地域/bar/05_自治会世帯数__神久呂地区__bar.eps","7","3"
"2026-01-05 23:50:44","eps","西地域","05_自治会世帯数__神久呂地区","pie","fixed__w7h7__top5","C:/Users/pirat/Documents/MikkabiLab_population_analysis/figures/自治会/2025/jichikai_20260105_234828/eps/西地域/pie/05_自治会世帯数__神久呂地区__pie.eps","7","7"
"2026-01-05 23:50:52","pdf","西地域","06_自治会世帯数__篠原地区","bar","n01_05__w7h4__bw0.5","C:/Users/pirat/Documents/MikkabiLab_population_analysis/figures/自治会/2025/jichikai_20260105_234828/pdf/西地域/bar/06_自治会世帯数__篠原地区__bar.pdf","7","3"
"2026-01-05 23:50:52","pdf","西地域","06_自治会世帯数__篠原地区","pie","fixed__w7h7__top5","C:/Users/pirat/Documents/MikkabiLab_population_analysis/figures/自治会/2025/jichikai_20260105_234828/pdf/西地域/pie/06_自治会世帯数__篠原地区__pie.pdf","7","7"
"2026-01-05 23:50:52","png","西地域","06_自治会世帯数__篠原地区","bar","n01_05__w7h4__bw0.5","C:/Users/pirat/Documents/MikkabiLab_population_analysis/figures/自治会/2025/jichikai_20260105_234828/png/西地域/bar/06_自治会世帯数__篠原地区__bar.png","7","3"
"2026-01-05 23:50:52","png","西地域","06_自治会世帯数__篠原地区","pie","fixed__w7h7__top5","C:/Users/pirat/Documents/MikkabiLab_population_analysis/figures/自治会/2025/jichikai_20260105_234828/png/西地域/pie/06_自治会世帯数__篠原地区__pie.png","7","7"
"2026-01-05 23:50:52","svg","西地域","06_自治会世帯数__篠原地区","bar","n01_05__w7h4__bw0.5","C:/Users/pirat/Documents/MikkabiLab_population_analysis/figures/自治会/2025/jichikai_20260105_234828/svg/西地域/bar/06_自治会世帯数__篠原地区__bar.svg","7","3"
"2026-01-05 23:50:52","svg","西地域","06_自治会世帯数__篠原地区","pie","fixed__w7h7__top5","C:/Users/pirat/Documents/MikkabiLab_population_analysis/figures/自治会/2025/jichikai_20260105_234828/svg/西地域/pie/06_自治会世帯数__篠原地区__pie.svg","7","7"
"2026-01-05 23:50:52","eps","西地域","06_自治会世帯数__篠原地区","bar","n01_05__w7h4__bw0.5","C:/Users/pirat/Documents/MikkabiLab_population_analysis/figures/自治会/2025/jichikai_20260105_234828/eps/西地域/bar/06_自治会世帯数__篠原地区__bar.eps","7","3"
"2026-01-05 23:50:52","eps","西地域","06_自治会世帯数__篠原地区","pie","fixed__w7h7__top5","C:/Users/pirat/Documents/MikkabiLab_population_analysis/figures/自治会/2025/jichikai_20260105_234828/eps/西地域/pie/06_自治会世帯数__篠原地区__pie.eps","7","7"
"2026-01-05 23:51:00","pdf","西地域","07_自治会世帯数__舞阪地区","bar","n06-10__w7h3__bw0.5","C:/Users/pirat/Documents/MikkabiLab_population_analysis/figures/自治会/2025/jichikai_20260105_234828/pdf/西地域/bar/07_自治会世帯数__舞阪地区__bar.pdf","7","4"
"2026-01-05 23:51:00","pdf","西地域","07_自治会世帯数__舞阪地区","pie","fixed__w7h7__top5","C:/Users/pirat/Documents/MikkabiLab_population_analysis/figures/自治会/2025/jichikai_20260105_234828/pdf/西地域/pie/07_自治会世帯数__舞阪地区__pie.pdf","7","7"
"2026-01-05 23:51:00","png","西地域","07_自治会世帯数__舞阪地区","bar","n06-10__w7h3__bw0.5","C:/Users/pirat/Documents/MikkabiLab_population_analysis/figures/自治会/2025/jichikai_20260105_234828/png/西地域/bar/07_自治会世帯数__舞阪地区__bar.png","7","4"
"2026-01-05 23:51:00","png","西地域","07_自治会世帯数__舞阪地区","pie","fixed__w7h7__top5","C:/Users/pirat/Documents/MikkabiLab_population_analysis/figures/自治会/2025/jichikai_20260105_234828/png/西地域/pie/07_自治会世帯数__舞阪地区__pie.png","7","7"
"2026-01-05 23:51:00","svg","西地域","07_自治会世帯数__舞阪地区","bar","n06-10__w7h3__bw0.5","C:/Users/pirat/Documents/MikkabiLab_population_analysis/figures/自治会/2025/jichikai_20260105_234828/svg/西地域/bar/07_自治会世帯数__舞阪地区__bar.svg","7","4"
"2026-01-05 23:51:00","svg","西地域","07_自治会世帯数__舞阪地区","pie","fixed__w7h7__top5","C:/Users/pirat/Documents/MikkabiLab_population_analysis/figures/自治会/2025/jichikai_20260105_234828/svg/西地域/pie/07_自治会世帯数__舞阪地区__pie.svg","7","7"
"2026-01-05 23:51:00","eps","西地域","07_自治会世帯数__舞阪地区","bar","n06-10__w7h3__bw0.5","C:/Users/pirat/Documents/MikkabiLab_population_analysis/figures/自治会/2025/jichikai_20260105_234828/eps/西地域/bar/07_自治会世帯数__舞阪地区__bar.eps","7","4"
"2026-01-05 23:51:00","eps","西地域","07_自治会世帯数__舞阪地区","pie","fixed__w7h7__top5","C:/Users/pirat/Documents/MikkabiLab_population_analysis/figures/自治会/2025/jichikai_20260105_234828/eps/西地域/pie/07_自治会世帯数__舞阪地区__pie.eps","7","7"
"2026-01-05 23:51:09","pdf","西地域","08_自治会世帯数__雄踏地区","bar","n06-10__w7h3__bw0.5","C:/Users/pirat/Documents/MikkabiLab_population_analysis/figures/自治会/2025/jichikai_20260105_234828/pdf/西地域/bar/08_自治会世帯数__雄踏地区__bar.pdf","7","4"
"2026-01-05 23:51:09","pdf","西地域","08_自治会世帯数__雄踏地区","pie","fixed__w7h7__top5","C:/Users/pirat/Documents/MikkabiLab_population_analysis/figures/自治会/2025/jichikai_20260105_234828/pdf/西地域/pie/08_自治会世帯数__雄踏地区__pie.pdf","7","7"
"2026-01-05 23:51:09","png","西地域","08_自治会世帯数__雄踏地区","bar","n06-10__w7h3__bw0.5","C:/Users/pirat/Documents/MikkabiLab_population_analysis/figures/自治会/2025/jichikai_20260105_234828/png/西地域/bar/08_自治会世帯数__雄踏地区__bar.png","7","4"
"2026-01-05 23:51:09","png","西地域","08_自治会世帯数__雄踏地区","pie","fixed__w7h7__top5","C:/Users/pirat/Documents/MikkabiLab_population_analysis/figures/自治会/2025/jichikai_20260105_234828/png/西地域/pie/08_自治会世帯数__雄踏地区__pie.png","7","7"
"2026-01-05 23:51:09","svg","西地域","08_自治会世帯数__雄踏地区","bar","n06-10__w7h3__bw0.5","C:/Users/pirat/Documents/MikkabiLab_population_analysis/figures/自治会/2025/jichikai_20260105_234828/svg/西地域/bar/08_自治会世帯数__雄踏地区__bar.svg","7","4"
"2026-01-05 23:51:09","svg","西地域","08_自治会世帯数__雄踏地区","pie","fixed__w7h7__top5","C:/Users/pirat/Documents/MikkabiLab_population_analysis/figures/自治会/2025/jichikai_20260105_234828/svg/西地域/pie/08_自治会世帯数__雄踏地区__pie.svg","7","7"
"2026-01-05 23:51:09","eps","西地域","08_自治会世帯数__雄踏地区","bar","n06-10__w7h3__bw0.5","C:/Users/pirat/Documents/MikkabiLab_population_analysis/figures/自治会/2025/jichikai_20260105_234828/eps/西地域/bar/08_自治会世帯数__雄踏地区__bar.eps","7","4"
"2026-01-05 23:51:09","eps","西地域","08_自治会世帯数__雄踏地区","pie","fixed__w7h7__top5","C:/Users/pirat/Documents/MikkabiLab_population_analysis/figures/自治会/2025/jichikai_20260105_234828/eps/西地域/pie/08_自治会世帯数__雄踏地区__pie.eps","7","7"
"2026-01-05 23:51:17","pdf","南地域","01_自治会世帯数__五島地区","bar","n06-10__w7h3__bw0.5","C:/Users/pirat/Documents/MikkabiLab_population_analysis/figures/自治会/2025/jichikai_20260105_234828/pdf/南地域/bar/01_自治会世帯数__五島地区__bar.pdf","7","4"
"2026-01-05 23:51:17","pdf","南地域","01_自治会世帯数__五島地区","pie","fixed__w7h7__top5","C:/Users/pirat/Documents/MikkabiLab_population_analysis/figures/自治会/2025/jichikai_20260105_234828/pdf/南地域/pie/01_自治会世帯数__五島地区__pie.pdf","7","7"
"2026-01-05 23:51:17","png","南地域","01_自治会世帯数__五島地区","bar","n06-10__w7h3__bw0.5","C:/Users/pirat/Documents/MikkabiLab_population_analysis/figures/自治会/2025/jichikai_20260105_234828/png/南地域/bar/01_自治会世帯数__五島地区__bar.png","7","4"
"2026-01-05 23:51:17","png","南地域","01_自治会世帯数__五島地区","pie","fixed__w7h7__top5","C:/Users/pirat/Documents/MikkabiLab_population_analysis/figures/自治会/2025/jichikai_20260105_234828/png/南地域/pie/01_自治会世帯数__五島地区__pie.png","7","7"
"2026-01-05 23:51:17","svg","南地域","01_自治会世帯数__五島地区","bar","n06-10__w7h3__bw0.5","C:/Users/pirat/Documents/MikkabiLab_population_analysis/figures/自治会/2025/jichikai_20260105_234828/svg/南地域/bar/01_自治会世帯数__五島地区__bar.svg","7","4"
"2026-01-05 23:51:17","svg","南地域","01_自治会世帯数__五島地区","pie","fixed__w7h7__top5","C:/Users/pirat/Documents/MikkabiLab_population_analysis/figures/自治会/2025/jichikai_20260105_234828/svg/南地域/pie/01_自治会世帯数__五島地区__pie.svg","7","7"
"2026-01-05 23:51:17","eps","南地域","01_自治会世帯数__五島地区","bar","n06-10__w7h3__bw0.5","C:/Users/pirat/Documents/MikkabiLab_population_analysis/figures/自治会/2025/jichikai_20260105_234828/eps/南地域/bar/01_自治会世帯数__五島地区__bar.eps","7","4"
"2026-01-05 23:51:17","eps","南地域","01_自治会世帯数__五島地区","pie","fixed__w7h7__top5","C:/Users/pirat/Documents/MikkabiLab_population_analysis/figures/自治会/2025/jichikai_20260105_234828/eps/南地域/pie/01_自治会世帯数__五島地区__pie.eps","7","7"
"2026-01-05 23:51:25","pdf","南地域","02_自治会世帯数__可美地区","bar","n06-10__w7h3__bw0.5","C:/Users/pirat/Documents/MikkabiLab_population_analysis/figures/自治会/2025/jichikai_20260105_234828/pdf/南地域/bar/02_自治会世帯数__可美地区__bar.pdf","7","4"
"2026-01-05 23:51:25","pdf","南地域","02_自治会世帯数__可美地区","pie","fixed__w7h7__top5","C:/Users/pirat/Documents/MikkabiLab_population_analysis/figures/自治会/2025/jichikai_20260105_234828/pdf/南地域/pie/02_自治会世帯数__可美地区__pie.pdf","7","7"
"2026-01-05 23:51:25","png","南地域","02_自治会世帯数__可美地区","bar","n06-10__w7h3__bw0.5","C:/Users/pirat/Documents/MikkabiLab_population_analysis/figures/自治会/2025/jichikai_20260105_234828/png/南地域/bar/02_自治会世帯数__可美地区__bar.png","7","4"
"2026-01-05 23:51:25","png","南地域","02_自治会世帯数__可美地区","pie","fixed__w7h7__top5","C:/Users/pirat/Documents/MikkabiLab_population_analysis/figures/自治会/2025/jichikai_20260105_234828/png/南地域/pie/02_自治会世帯数__可美地区__pie.png","7","7"
"2026-01-05 23:51:25","svg","南地域","02_自治会世帯数__可美地区","bar","n06-10__w7h3__bw0.5","C:/Users/pirat/Documents/MikkabiLab_population_analysis/figures/自治会/2025/jichikai_20260105_234828/svg/南地域/bar/02_自治会世帯数__可美地区__bar.svg","7","4"
"2026-01-05 23:51:25","svg","南地域","02_自治会世帯数__可美地区","pie","fixed__w7h7__top5","C:/Users/pirat/Documents/MikkabiLab_population_analysis/figures/自治会/2025/jichikai_20260105_234828/svg/南地域/pie/02_自治会世帯数__可美地区__pie.svg","7","7"
"2026-01-05 23:51:25","eps","南地域","02_自治会世帯数__可美地区","bar","n06-10__w7h3__bw0.5","C:/Users/pirat/Documents/MikkabiLab_population_analysis/figures/自治会/2025/jichikai_20260105_234828/eps/南地域/bar/02_自治会世帯数__可美地区__bar.eps","7","4"
"2026-01-05 23:51:25","eps","南地域","02_自治会世帯数__可美地区","pie","fixed__w7h7__top5","C:/Users/pirat/Documents/MikkabiLab_population_analysis/figures/自治会/2025/jichikai_20260105_234828/eps/南地域/pie/02_自治会世帯数__可美地区__pie.eps","7","7"
"2026-01-05 23:51:33","pdf","南地域","03_自治会世帯数__新津地区","bar","n06-10__w7h3__bw0.5","C:/Users/pirat/Documents/MikkabiLab_population_analysis/figures/自治会/2025/jichikai_20260105_234828/pdf/南地域/bar/03_自治会世帯数__新津地区__bar.pdf","7","4"
"2026-01-05 23:51:33","pdf","南地域","03_自治会世帯数__新津地区","pie","fixed__w7h7__top5","C:/Users/pirat/Documents/MikkabiLab_population_analysis/figures/自治会/2025/jichikai_20260105_234828/pdf/南地域/pie/03_自治会世帯数__新津地区__pie.pdf","7","7"
"2026-01-05 23:51:33","png","南地域","03_自治会世帯数__新津地区","bar","n06-10__w7h3__bw0.5","C:/Users/pirat/Documents/MikkabiLab_population_analysis/figures/自治会/2025/jichikai_20260105_234828/png/南地域/bar/03_自治会世帯数__新津地区__bar.png","7","4"
"2026-01-05 23:51:33","png","南地域","03_自治会世帯数__新津地区","pie","fixed__w7h7__top5","C:/Users/pirat/Documents/MikkabiLab_population_analysis/figures/自治会/2025/jichikai_20260105_234828/png/南地域/pie/03_自治会世帯数__新津地区__pie.png","7","7"
"2026-01-05 23:51:33","svg","南地域","03_自治会世帯数__新津地区","bar","n06-10__w7h3__bw0.5","C:/Users/pirat/Documents/MikkabiLab_population_analysis/figures/自治会/2025/jichikai_20260105_234828/svg/南地域/bar/03_自治会世帯数__新津地区__bar.svg","7","4"
"2026-01-05 23:51:33","svg","南地域","03_自治会世帯数__新津地区","pie","fixed__w7h7__top5","C:/Users/pirat/Documents/MikkabiLab_population_analysis/figures/自治会/2025/jichikai_20260105_234828/svg/南地域/pie/03_自治会世帯数__新津地区__pie.svg","7","7"
"2026-01-05 23:51:33","eps","南地域","03_自治会世帯数__新津地区","bar","n06-10__w7h3__bw0.5","C:/Users/pirat/Documents/MikkabiLab_population_analysis/figures/自治会/2025/jichikai_20260105_234828/eps/南地域/bar/03_自治会世帯数__新津地区__bar.eps","7","4"
"2026-01-05 23:51:33","eps","南地域","03_自治会世帯数__新津地区","pie","fixed__w7h7__top5","C:/Users/pirat/Documents/MikkabiLab_population_analysis/figures/自治会/2025/jichikai_20260105_234828/eps/南地域/pie/03_自治会世帯数__新津地区__pie.eps","7","7"
"2026-01-05 23:51:43","pdf","南地域","04_自治会世帯数__河輪地区","bar","n06-10__w7h3__bw0.5","C:/Users/pirat/Documents/MikkabiLab_population_analysis/figures/自治会/2025/jichikai_20260105_234828/pdf/南地域/bar/04_自治会世帯数__河輪地区__bar.pdf","7","4"
"2026-01-05 23:51:43","pdf","南地域","04_自治会世帯数__河輪地区","pie","fixed__w7h7__top5","C:/Users/pirat/Documents/MikkabiLab_population_analysis/figures/自治会/2025/jichikai_20260105_234828/pdf/南地域/pie/04_自治会世帯数__河輪地区__pie.pdf","7","7"
"2026-01-05 23:51:43","png","南地域","04_自治会世帯数__河輪地区","bar","n06-10__w7h3__bw0.5","C:/Users/pirat/Documents/MikkabiLab_population_analysis/figures/自治会/2025/jichikai_20260105_234828/png/南地域/bar/04_自治会世帯数__河輪地区__bar.png","7","4"
"2026-01-05 23:51:43","png","南地域","04_自治会世帯数__河輪地区","pie","fixed__w7h7__top5","C:/Users/pirat/Documents/MikkabiLab_population_analysis/figures/自治会/2025/jichikai_20260105_234828/png/南地域/pie/04_自治会世帯数__河輪地区__pie.png","7","7"
"2026-01-05 23:51:43","svg","南地域","04_自治会世帯数__河輪地区","bar","n06-10__w7h3__bw0.5","C:/Users/pirat/Documents/MikkabiLab_population_analysis/figures/自治会/2025/jichikai_20260105_234828/svg/南地域/bar/04_自治会世帯数__河輪地区__bar.svg","7","4"
"2026-01-05 23:51:43","svg","南地域","04_自治会世帯数__河輪地区","pie","fixed__w7h7__top5","C:/Users/pirat/Documents/MikkabiLab_population_analysis/figures/自治会/2025/jichikai_20260105_234828/svg/南地域/pie/04_自治会世帯数__河輪地区__pie.svg","7","7"
"2026-01-05 23:51:43","eps","南地域","04_自治会世帯数__河輪地区","bar","n06-10__w7h3__bw0.5","C:/Users/pirat/Documents/MikkabiLab_population_analysis/figures/自治会/2025/jichikai_20260105_234828/eps/南地域/bar/04_自治会世帯数__河輪地区__bar.eps","7","4"
"2026-01-05 23:51:43","eps","南地域","04_自治会世帯数__河輪地区","pie","fixed__w7h7__top5","C:/Users/pirat/Documents/MikkabiLab_population_analysis/figures/自治会/2025/jichikai_20260105_234828/eps/南地域/pie/04_自治会世帯数__河輪地区__pie.eps","7","7"
"2026-01-05 23:51:51","pdf","南地域","05_自治会世帯数__白脇地区","bar","n06-10__w7h3__bw0.5","C:/Users/pirat/Documents/MikkabiLab_population_analysis/figures/自治会/2025/jichikai_20260105_234828/pdf/南地域/bar/05_自治会世帯数__白脇地区__bar.pdf","7","4"
"2026-01-05 23:51:51","pdf","南地域","05_自治会世帯数__白脇地区","pie","fixed__w7h7__top5","C:/Users/pirat/Documents/MikkabiLab_population_analysis/figures/自治会/2025/jichikai_20260105_234828/pdf/南地域/pie/05_自治会世帯数__白脇地区__pie.pdf","7","7"
"2026-01-05 23:51:51","png","南地域","05_自治会世帯数__白脇地区","bar","n06-10__w7h3__bw0.5","C:/Users/pirat/Documents/MikkabiLab_population_analysis/figures/自治会/2025/jichikai_20260105_234828/png/南地域/bar/05_自治会世帯数__白脇地区__bar.png","7","4"
"2026-01-05 23:51:51","png","南地域","05_自治会世帯数__白脇地区","pie","fixed__w7h7__top5","C:/Users/pirat/Documents/MikkabiLab_population_analysis/figures/自治会/2025/jichikai_20260105_234828/png/南地域/pie/05_自治会世帯数__白脇地区__pie.png","7","7"
"2026-01-05 23:51:51","svg","南地域","05_自治会世帯数__白脇地区","bar","n06-10__w7h3__bw0.5","C:/Users/pirat/Documents/MikkabiLab_population_analysis/figures/自治会/2025/jichikai_20260105_234828/svg/南地域/bar/05_自治会世帯数__白脇地区__bar.svg","7","4"
"2026-01-05 23:51:51","svg","南地域","05_自治会世帯数__白脇地区","pie","fixed__w7h7__top5","C:/Users/pirat/Documents/MikkabiLab_population_analysis/figures/自治会/2025/jichikai_20260105_234828/svg/南地域/pie/05_自治会世帯数__白脇地区__pie.svg","7","7"
"2026-01-05 23:51:51","eps","南地域","05_自治会世帯数__白脇地区","bar","n06-10__w7h3__bw0.5","C:/Users/pirat/Documents/MikkabiLab_population_analysis/figures/自治会/2025/jichikai_20260105_234828/eps/南地域/bar/05_自治会世帯数__白脇地区__bar.eps","7","4"
"2026-01-05 23:51:51","eps","南地域","05_自治会世帯数__白脇地区","pie","fixed__w7h7__top5","C:/Users/pirat/Documents/MikkabiLab_population_analysis/figures/自治会/2025/jichikai_20260105_234828/eps/南地域/pie/05_自治会世帯数__白脇地区__pie.eps","7","7"
"2026-01-05 23:52:01","pdf","南地域","06_自治会世帯数__芳川地区","bar","default__w7h7","C:/Users/pirat/Documents/MikkabiLab_population_analysis/figures/自治会/2025/jichikai_20260105_234828/pdf/南地域/bar/06_自治会世帯数__芳川地区__bar.pdf","7","6"
"2026-01-05 23:52:01","pdf","南地域","06_自治会世帯数__芳川地区","pie","fixed__w7h7__top5","C:/Users/pirat/Documents/MikkabiLab_population_analysis/figures/自治会/2025/jichikai_20260105_234828/pdf/南地域/pie/06_自治会世帯数__芳川地区__pie.pdf","7","7"
"2026-01-05 23:52:01","png","南地域","06_自治会世帯数__芳川地区","bar","default__w7h7","C:/Users/pirat/Documents/MikkabiLab_population_analysis/figures/自治会/2025/jichikai_20260105_234828/png/南地域/bar/06_自治会世帯数__芳川地区__bar.png","7","6"
"2026-01-05 23:52:01","png","南地域","06_自治会世帯数__芳川地区","pie","fixed__w7h7__top5","C:/Users/pirat/Documents/MikkabiLab_population_analysis/figures/自治会/2025/jichikai_20260105_234828/png/南地域/pie/06_自治会世帯数__芳川地区__pie.png","7","7"
"2026-01-05 23:52:01","svg","南地域","06_自治会世帯数__芳川地区","bar","default__w7h7","C:/Users/pirat/Documents/MikkabiLab_population_analysis/figures/自治会/2025/jichikai_20260105_234828/svg/南地域/bar/06_自治会世帯数__芳川地区__bar.svg","7","6"
"2026-01-05 23:52:01","svg","南地域","06_自治会世帯数__芳川地区","pie","fixed__w7h7__top5","C:/Users/pirat/Documents/MikkabiLab_population_analysis/figures/自治会/2025/jichikai_20260105_234828/svg/南地域/pie/06_自治会世帯数__芳川地区__pie.svg","7","7"
"2026-01-05 23:52:01","eps","南地域","06_自治会世帯数__芳川地区","bar","default__w7h7","C:/Users/pirat/Documents/MikkabiLab_population_analysis/figures/自治会/2025/jichikai_20260105_234828/eps/南地域/bar/06_自治会世帯数__芳川地区__bar.eps","7","6"
"2026-01-05 23:52:01","eps","南地域","06_自治会世帯数__芳川地区","pie","fixed__w7h7__top5","C:/Users/pirat/Documents/MikkabiLab_population_analysis/figures/自治会/2025/jichikai_20260105_234828/eps/南地域/pie/06_自治会世帯数__芳川地区__pie.eps","7","7"
"2026-01-05 23:52:10","pdf","南地域","07_自治会世帯数__飯田地区","bar","n11-15__w7h5__bw0.5","C:/Users/pirat/Documents/MikkabiLab_population_analysis/figures/自治会/2025/jichikai_20260105_234828/pdf/南地域/bar/07_自治会世帯数__飯田地区__bar.pdf","7","5"
"2026-01-05 23:52:10","pdf","南地域","07_自治会世帯数__飯田地区","pie","fixed__w7h7__top5","C:/Users/pirat/Documents/MikkabiLab_population_analysis/figures/自治会/2025/jichikai_20260105_234828/pdf/南地域/pie/07_自治会世帯数__飯田地区__pie.pdf","7","7"
"2026-01-05 23:52:10","png","南地域","07_自治会世帯数__飯田地区","bar","n11-15__w7h5__bw0.5","C:/Users/pirat/Documents/MikkabiLab_population_analysis/figures/自治会/2025/jichikai_20260105_234828/png/南地域/bar/07_自治会世帯数__飯田地区__bar.png","7","5"
"2026-01-05 23:52:10","png","南地域","07_自治会世帯数__飯田地区","pie","fixed__w7h7__top5","C:/Users/pirat/Documents/MikkabiLab_population_analysis/figures/自治会/2025/jichikai_20260105_234828/png/南地域/pie/07_自治会世帯数__飯田地区__pie.png","7","7"
"2026-01-05 23:52:10","svg","南地域","07_自治会世帯数__飯田地区","bar","n11-15__w7h5__bw0.5","C:/Users/pirat/Documents/MikkabiLab_population_analysis/figures/自治会/2025/jichikai_20260105_234828/svg/南地域/bar/07_自治会世帯数__飯田地区__bar.svg","7","5"
"2026-01-05 23:52:10","svg","南地域","07_自治会世帯数__飯田地区","pie","fixed__w7h7__top5","C:/Users/pirat/Documents/MikkabiLab_population_analysis/figures/自治会/2025/jichikai_20260105_234828/svg/南地域/pie/07_自治会世帯数__飯田地区__pie.svg","7","7"
"2026-01-05 23:52:10","eps","南地域","07_自治会世帯数__飯田地区","bar","n11-15__w7h5__bw0.5","C:/Users/pirat/Documents/MikkabiLab_population_analysis/figures/自治会/2025/jichikai_20260105_234828/eps/南地域/bar/07_自治会世帯数__飯田地区__bar.eps","7","5"
"2026-01-05 23:52:10","eps","南地域","07_自治会世帯数__飯田地区","pie","fixed__w7h7__top5","C:/Users/pirat/Documents/MikkabiLab_population_analysis/figures/自治会/2025/jichikai_20260105_234828/eps/南地域/pie/07_自治会世帯数__飯田地区__pie.eps","7","7"
"2026-01-05 23:52:20","pdf","中地域","01_自治会世帯数__アクト地区","bar","n06-10__w7h3__bw0.5","C:/Users/pirat/Documents/MikkabiLab_population_analysis/figures/自治会/2025/jichikai_20260105_234828/pdf/中地域/bar/01_自治会世帯数__アクト地区__bar.pdf","7","4"
"2026-01-05 23:52:20","pdf","中地域","01_自治会世帯数__アクト地区","pie","fixed__w7h7__top5","C:/Users/pirat/Documents/MikkabiLab_population_analysis/figures/自治会/2025/jichikai_20260105_234828/pdf/中地域/pie/01_自治会世帯数__アクト地区__pie.pdf","7","7"
"2026-01-05 23:52:20","png","中地域","01_自治会世帯数__アクト地区","bar","n06-10__w7h3__bw0.5","C:/Users/pirat/Documents/MikkabiLab_population_analysis/figures/自治会/2025/jichikai_20260105_234828/png/中地域/bar/01_自治会世帯数__アクト地区__bar.png","7","4"
"2026-01-05 23:52:20","png","中地域","01_自治会世帯数__アクト地区","pie","fixed__w7h7__top5","C:/Users/pirat/Documents/MikkabiLab_population_analysis/figures/自治会/2025/jichikai_20260105_234828/png/中地域/pie/01_自治会世帯数__アクト地区__pie.png","7","7"
"2026-01-05 23:52:20","svg","中地域","01_自治会世帯数__アクト地区","bar","n06-10__w7h3__bw0.5","C:/Users/pirat/Documents/MikkabiLab_population_analysis/figures/自治会/2025/jichikai_20260105_234828/svg/中地域/bar/01_自治会世帯数__アクト地区__bar.svg","7","4"
"2026-01-05 23:52:20","svg","中地域","01_自治会世帯数__アクト地区","pie","fixed__w7h7__top5","C:/Users/pirat/Documents/MikkabiLab_population_analysis/figures/自治会/2025/jichikai_20260105_234828/svg/中地域/pie/01_自治会世帯数__アクト地区__pie.svg","7","7"
"2026-01-05 23:52:20","eps","中地域","01_自治会世帯数__アクト地区","bar","n06-10__w7h3__bw0.5","C:/Users/pirat/Documents/MikkabiLab_population_analysis/figures/自治会/2025/jichikai_20260105_234828/eps/中地域/bar/01_自治会世帯数__アクト地区__bar.eps","7","4"
"2026-01-05 23:52:20","eps","中地域","01_自治会世帯数__アクト地区","pie","fixed__w7h7__top5","C:/Users/pirat/Documents/MikkabiLab_population_analysis/figures/自治会/2025/jichikai_20260105_234828/eps/中地域/pie/01_自治会世帯数__アクト地区__pie.eps","7","7"
"2026-01-05 23:52:28","pdf","中地域","02_自治会世帯数__三方原地区","bar","default__w7h7","C:/Users/pirat/Documents/MikkabiLab_population_analysis/figures/自治会/2025/jichikai_20260105_234828/pdf/中地域/bar/02_自治会世帯数__三方原地区__bar.pdf","7","6"
"2026-01-05 23:52:28","pdf","中地域","02_自治会世帯数__三方原地区","pie","fixed__w7h7__top5","C:/Users/pirat/Documents/MikkabiLab_population_analysis/figures/自治会/2025/jichikai_20260105_234828/pdf/中地域/pie/02_自治会世帯数__三方原地区__pie.pdf","7","7"
"2026-01-05 23:52:28","png","中地域","02_自治会世帯数__三方原地区","bar","default__w7h7","C:/Users/pirat/Documents/MikkabiLab_population_analysis/figures/自治会/2025/jichikai_20260105_234828/png/中地域/bar/02_自治会世帯数__三方原地区__bar.png","7","6"
"2026-01-05 23:52:28","png","中地域","02_自治会世帯数__三方原地区","pie","fixed__w7h7__top5","C:/Users/pirat/Documents/MikkabiLab_population_analysis/figures/自治会/2025/jichikai_20260105_234828/png/中地域/pie/02_自治会世帯数__三方原地区__pie.png","7","7"
"2026-01-05 23:52:28","svg","中地域","02_自治会世帯数__三方原地区","bar","default__w7h7","C:/Users/pirat/Documents/MikkabiLab_population_analysis/figures/自治会/2025/jichikai_20260105_234828/svg/中地域/bar/02_自治会世帯数__三方原地区__bar.svg","7","6"
"2026-01-05 23:52:28","svg","中地域","02_自治会世帯数__三方原地区","pie","fixed__w7h7__top5","C:/Users/pirat/Documents/MikkabiLab_population_analysis/figures/自治会/2025/jichikai_20260105_234828/svg/中地域/pie/02_自治会世帯数__三方原地区__pie.svg","7","7"
"2026-01-05 23:52:28","eps","中地域","02_自治会世帯数__三方原地区","bar","default__w7h7","C:/Users/pirat/Documents/MikkabiLab_population_analysis/figures/自治会/2025/jichikai_20260105_234828/eps/中地域/bar/02_自治会世帯数__三方原地区__bar.eps","7","6"
"2026-01-05 23:52:28","eps","中地域","02_自治会世帯数__三方原地区","pie","fixed__w7h7__top5","C:/Users/pirat/Documents/MikkabiLab_population_analysis/figures/自治会/2025/jichikai_20260105_234828/eps/中地域/pie/02_自治会世帯数__三方原地区__pie.eps","7","7"
"2026-01-05 23:52:37","pdf","中地域","03_自治会世帯数__中央地区","bar","default__w7h7","C:/Users/pirat/Documents/MikkabiLab_population_analysis/figures/自治会/2025/jichikai_20260105_234828/pdf/中地域/bar/03_自治会世帯数__中央地区__bar.pdf","7","6"
"2026-01-05 23:52:37","pdf","中地域","03_自治会世帯数__中央地区","pie","fixed__w7h7__top5","C:/Users/pirat/Documents/MikkabiLab_population_analysis/figures/自治会/2025/jichikai_20260105_234828/pdf/中地域/pie/03_自治会世帯数__中央地区__pie.pdf","7","7"
"2026-01-05 23:52:37","png","中地域","03_自治会世帯数__中央地区","bar","default__w7h7","C:/Users/pirat/Documents/MikkabiLab_population_analysis/figures/自治会/2025/jichikai_20260105_234828/png/中地域/bar/03_自治会世帯数__中央地区__bar.png","7","6"
"2026-01-05 23:52:37","png","中地域","03_自治会世帯数__中央地区","pie","fixed__w7h7__top5","C:/Users/pirat/Documents/MikkabiLab_population_analysis/figures/自治会/2025/jichikai_20260105_234828/png/中地域/pie/03_自治会世帯数__中央地区__pie.png","7","7"
"2026-01-05 23:52:37","svg","中地域","03_自治会世帯数__中央地区","bar","default__w7h7","C:/Users/pirat/Documents/MikkabiLab_population_analysis/figures/自治会/2025/jichikai_20260105_234828/svg/中地域/bar/03_自治会世帯数__中央地区__bar.svg","7","6"
"2026-01-05 23:52:37","svg","中地域","03_自治会世帯数__中央地区","pie","fixed__w7h7__top5","C:/Users/pirat/Documents/MikkabiLab_population_analysis/figures/自治会/2025/jichikai_20260105_234828/svg/中地域/pie/03_自治会世帯数__中央地区__pie.svg","7","7"
"2026-01-05 23:52:37","eps","中地域","03_自治会世帯数__中央地区","bar","default__w7h7","C:/Users/pirat/Documents/MikkabiLab_population_analysis/figures/自治会/2025/jichikai_20260105_234828/eps/中地域/bar/03_自治会世帯数__中央地区__bar.eps","7","6"
"2026-01-05 23:52:37","eps","中地域","03_自治会世帯数__中央地区","pie","fixed__w7h7__top5","C:/Users/pirat/Documents/MikkabiLab_population_analysis/figures/自治会/2025/jichikai_20260105_234828/eps/中地域/pie/03_自治会世帯数__中央地区__pie.eps","7","7"
"2026-01-05 23:52:45","pdf","中地域","04_自治会世帯数__佐鳴台地区","bar","n06-10__w7h3__bw0.5","C:/Users/pirat/Documents/MikkabiLab_population_analysis/figures/自治会/2025/jichikai_20260105_234828/pdf/中地域/bar/04_自治会世帯数__佐鳴台地区__bar.pdf","7","4"
"2026-01-05 23:52:45","pdf","中地域","04_自治会世帯数__佐鳴台地区","pie","fixed__w7h7__top5","C:/Users/pirat/Documents/MikkabiLab_population_analysis/figures/自治会/2025/jichikai_20260105_234828/pdf/中地域/pie/04_自治会世帯数__佐鳴台地区__pie.pdf","7","7"
"2026-01-05 23:52:45","png","中地域","04_自治会世帯数__佐鳴台地区","bar","n06-10__w7h3__bw0.5","C:/Users/pirat/Documents/MikkabiLab_population_analysis/figures/自治会/2025/jichikai_20260105_234828/png/中地域/bar/04_自治会世帯数__佐鳴台地区__bar.png","7","4"
"2026-01-05 23:52:45","png","中地域","04_自治会世帯数__佐鳴台地区","pie","fixed__w7h7__top5","C:/Users/pirat/Documents/MikkabiLab_population_analysis/figures/自治会/2025/jichikai_20260105_234828/png/中地域/pie/04_自治会世帯数__佐鳴台地区__pie.png","7","7"
"2026-01-05 23:52:45","svg","中地域","04_自治会世帯数__佐鳴台地区","bar","n06-10__w7h3__bw0.5","C:/Users/pirat/Documents/MikkabiLab_population_analysis/figures/自治会/2025/jichikai_20260105_234828/svg/中地域/bar/04_自治会世帯数__佐鳴台地区__bar.svg","7","4"
"2026-01-05 23:52:45","svg","中地域","04_自治会世帯数__佐鳴台地区","pie","fixed__w7h7__top5","C:/Users/pirat/Documents/MikkabiLab_population_analysis/figures/自治会/2025/jichikai_20260105_234828/svg/中地域/pie/04_自治会世帯数__佐鳴台地区__pie.svg","7","7"
"2026-01-05 23:52:45","eps","中地域","04_自治会世帯数__佐鳴台地区","bar","n06-10__w7h3__bw0.5","C:/Users/pirat/Documents/MikkabiLab_population_analysis/figures/自治会/2025/jichikai_20260105_234828/eps/中地域/bar/04_自治会世帯数__佐鳴台地区__bar.eps","7","4"
"2026-01-05 23:52:45","eps","中地域","04_自治会世帯数__佐鳴台地区","pie","fixed__w7h7__top5","C:/Users/pirat/Documents/MikkabiLab_population_analysis/figures/自治会/2025/jichikai_20260105_234828/eps/中地域/pie/04_自治会世帯数__佐鳴台地区__pie.eps","7","7"
"2026-01-05 23:52:54","pdf","中地域","05_自治会世帯数__北地区","bar","n01_05__w7h4__bw0.5","C:/Users/pirat/Documents/MikkabiLab_population_analysis/figures/自治会/2025/jichikai_20260105_234828/pdf/中地域/bar/05_自治会世帯数__北地区__bar.pdf","7","3"
"2026-01-05 23:52:54","pdf","中地域","05_自治会世帯数__北地区","pie","fixed__w7h7__top5","C:/Users/pirat/Documents/MikkabiLab_population_analysis/figures/自治会/2025/jichikai_20260105_234828/pdf/中地域/pie/05_自治会世帯数__北地区__pie.pdf","7","7"
"2026-01-05 23:52:54","png","中地域","05_自治会世帯数__北地区","bar","n01_05__w7h4__bw0.5","C:/Users/pirat/Documents/MikkabiLab_population_analysis/figures/自治会/2025/jichikai_20260105_234828/png/中地域/bar/05_自治会世帯数__北地区__bar.png","7","3"
"2026-01-05 23:52:54","png","中地域","05_自治会世帯数__北地区","pie","fixed__w7h7__top5","C:/Users/pirat/Documents/MikkabiLab_population_analysis/figures/自治会/2025/jichikai_20260105_234828/png/中地域/pie/05_自治会世帯数__北地区__pie.png","7","7"
"2026-01-05 23:52:54","svg","中地域","05_自治会世帯数__北地区","bar","n01_05__w7h4__bw0.5","C:/Users/pirat/Documents/MikkabiLab_population_analysis/figures/自治会/2025/jichikai_20260105_234828/svg/中地域/bar/05_自治会世帯数__北地区__bar.svg","7","3"
"2026-01-05 23:52:54","svg","中地域","05_自治会世帯数__北地区","pie","fixed__w7h7__top5","C:/Users/pirat/Documents/MikkabiLab_population_analysis/figures/自治会/2025/jichikai_20260105_234828/svg/中地域/pie/05_自治会世帯数__北地区__pie.svg","7","7"
"2026-01-05 23:52:54","eps","中地域","05_自治会世帯数__北地区","bar","n01_05__w7h4__bw0.5","C:/Users/pirat/Documents/MikkabiLab_population_analysis/figures/自治会/2025/jichikai_20260105_234828/eps/中地域/bar/05_自治会世帯数__北地区__bar.eps","7","3"
"2026-01-05 23:52:54","eps","中地域","05_自治会世帯数__北地区","pie","fixed__w7h7__top5","C:/Users/pirat/Documents/MikkabiLab_population_analysis/figures/自治会/2025/jichikai_20260105_234828/eps/中地域/pie/05_自治会世帯数__北地区__pie.eps","7","7"
"2026-01-05 23:53:03","pdf","中地域","06_自治会世帯数__城北地区","bar","n11-15__w7h5__bw0.5","C:/Users/pirat/Documents/MikkabiLab_population_analysis/figures/自治会/2025/jichikai_20260105_234828/pdf/中地域/bar/06_自治会世帯数__城北地区__bar.pdf","7","5"
"2026-01-05 23:53:03","pdf","中地域","06_自治会世帯数__城北地区","pie","fixed__w7h7__top5","C:/Users/pirat/Documents/MikkabiLab_population_analysis/figures/自治会/2025/jichikai_20260105_234828/pdf/中地域/pie/06_自治会世帯数__城北地区__pie.pdf","7","7"
"2026-01-05 23:53:03","png","中地域","06_自治会世帯数__城北地区","bar","n11-15__w7h5__bw0.5","C:/Users/pirat/Documents/MikkabiLab_population_analysis/figures/自治会/2025/jichikai_20260105_234828/png/中地域/bar/06_自治会世帯数__城北地区__bar.png","7","5"
"2026-01-05 23:53:03","png","中地域","06_自治会世帯数__城北地区","pie","fixed__w7h7__top5","C:/Users/pirat/Documents/MikkabiLab_population_analysis/figures/自治会/2025/jichikai_20260105_234828/png/中地域/pie/06_自治会世帯数__城北地区__pie.png","7","7"
"2026-01-05 23:53:03","svg","中地域","06_自治会世帯数__城北地区","bar","n11-15__w7h5__bw0.5","C:/Users/pirat/Documents/MikkabiLab_population_analysis/figures/自治会/2025/jichikai_20260105_234828/svg/中地域/bar/06_自治会世帯数__城北地区__bar.svg","7","5"
"2026-01-05 23:53:03","svg","中地域","06_自治会世帯数__城北地区","pie","fixed__w7h7__top5","C:/Users/pirat/Documents/MikkabiLab_population_analysis/figures/自治会/2025/jichikai_20260105_234828/svg/中地域/pie/06_自治会世帯数__城北地区__pie.svg","7","7"
"2026-01-05 23:53:03","eps","中地域","06_自治会世帯数__城北地区","bar","n11-15__w7h5__bw0.5","C:/Users/pirat/Documents/MikkabiLab_population_analysis/figures/自治会/2025/jichikai_20260105_234828/eps/中地域/bar/06_自治会世帯数__城北地区__bar.eps","7","5"
"2026-01-05 23:53:03","eps","中地域","06_自治会世帯数__城北地区","pie","fixed__w7h7__top5","C:/Users/pirat/Documents/MikkabiLab_population_analysis/figures/自治会/2025/jichikai_20260105_234828/eps/中地域/pie/06_自治会世帯数__城北地区__pie.eps","7","7"
"2026-01-05 23:53:11","pdf","中地域","07_自治会世帯数__富塚地区","bar","n06-10__w7h3__bw0.5","C:/Users/pirat/Documents/MikkabiLab_population_analysis/figures/自治会/2025/jichikai_20260105_234828/pdf/中地域/bar/07_自治会世帯数__富塚地区__bar.pdf","7","4"
"2026-01-05 23:53:11","pdf","中地域","07_自治会世帯数__富塚地区","pie","fixed__w7h7__top5","C:/Users/pirat/Documents/MikkabiLab_population_analysis/figures/自治会/2025/jichikai_20260105_234828/pdf/中地域/pie/07_自治会世帯数__富塚地区__pie.pdf","7","7"
"2026-01-05 23:53:11","png","中地域","07_自治会世帯数__富塚地区","bar","n06-10__w7h3__bw0.5","C:/Users/pirat/Documents/MikkabiLab_population_analysis/figures/自治会/2025/jichikai_20260105_234828/png/中地域/bar/07_自治会世帯数__富塚地区__bar.png","7","4"
"2026-01-05 23:53:11","png","中地域","07_自治会世帯数__富塚地区","pie","fixed__w7h7__top5","C:/Users/pirat/Documents/MikkabiLab_population_analysis/figures/自治会/2025/jichikai_20260105_234828/png/中地域/pie/07_自治会世帯数__富塚地区__pie.png","7","7"
"2026-01-05 23:53:11","svg","中地域","07_自治会世帯数__富塚地区","bar","n06-10__w7h3__bw0.5","C:/Users/pirat/Documents/MikkabiLab_population_analysis/figures/自治会/2025/jichikai_20260105_234828/svg/中地域/bar/07_自治会世帯数__富塚地区__bar.svg","7","4"
"2026-01-05 23:53:11","svg","中地域","07_自治会世帯数__富塚地区","pie","fixed__w7h7__top5","C:/Users/pirat/Documents/MikkabiLab_population_analysis/figures/自治会/2025/jichikai_20260105_234828/svg/中地域/pie/07_自治会世帯数__富塚地区__pie.svg","7","7"
"2026-01-05 23:53:11","eps","中地域","07_自治会世帯数__富塚地区","bar","n06-10__w7h3__bw0.5","C:/Users/pirat/Documents/MikkabiLab_population_analysis/figures/自治会/2025/jichikai_20260105_234828/eps/中地域/bar/07_自治会世帯数__富塚地区__bar.eps","7","4"
"2026-01-05 23:53:11","eps","中地域","07_自治会世帯数__富塚地区","pie","fixed__w7h7__top5","C:/Users/pirat/Documents/MikkabiLab_population_analysis/figures/自治会/2025/jichikai_20260105_234828/eps/中地域/pie/07_自治会世帯数__富塚地区__pie.eps","7","7"
"2026-01-05 23:53:19","pdf","中地域","08_自治会世帯数__曳馬地区","bar","default__w7h7","C:/Users/pirat/Documents/MikkabiLab_population_analysis/figures/自治会/2025/jichikai_20260105_234828/pdf/中地域/bar/08_自治会世帯数__曳馬地区__bar.pdf","7","6"
"2026-01-05 23:53:19","pdf","中地域","08_自治会世帯数__曳馬地区","pie","fixed__w7h7__top5","C:/Users/pirat/Documents/MikkabiLab_population_analysis/figures/自治会/2025/jichikai_20260105_234828/pdf/中地域/pie/08_自治会世帯数__曳馬地区__pie.pdf","7","7"
"2026-01-05 23:53:19","png","中地域","08_自治会世帯数__曳馬地区","bar","default__w7h7","C:/Users/pirat/Documents/MikkabiLab_population_analysis/figures/自治会/2025/jichikai_20260105_234828/png/中地域/bar/08_自治会世帯数__曳馬地区__bar.png","7","6"
"2026-01-05 23:53:19","png","中地域","08_自治会世帯数__曳馬地区","pie","fixed__w7h7__top5","C:/Users/pirat/Documents/MikkabiLab_population_analysis/figures/自治会/2025/jichikai_20260105_234828/png/中地域/pie/08_自治会世帯数__曳馬地区__pie.png","7","7"
"2026-01-05 23:53:19","svg","中地域","08_自治会世帯数__曳馬地区","bar","default__w7h7","C:/Users/pirat/Documents/MikkabiLab_population_analysis/figures/自治会/2025/jichikai_20260105_234828/svg/中地域/bar/08_自治会世帯数__曳馬地区__bar.svg","7","6"
"2026-01-05 23:53:19","svg","中地域","08_自治会世帯数__曳馬地区","pie","fixed__w7h7__top5","C:/Users/pirat/Documents/MikkabiLab_population_analysis/figures/自治会/2025/jichikai_20260105_234828/svg/中地域/pie/08_自治会世帯数__曳馬地区__pie.svg","7","7"
"2026-01-05 23:53:19","eps","中地域","08_自治会世帯数__曳馬地区","bar","default__w7h7","C:/Users/pirat/Documents/MikkabiLab_population_analysis/figures/自治会/2025/jichikai_20260105_234828/eps/中地域/bar/08_自治会世帯数__曳馬地区__bar.eps","7","6"
"2026-01-05 23:53:19","eps","中地域","08_自治会世帯数__曳馬地区","pie","fixed__w7h7__top5","C:/Users/pirat/Documents/MikkabiLab_population_analysis/figures/自治会/2025/jichikai_20260105_234828/eps/中地域/pie/08_自治会世帯数__曳馬地区__pie.eps","7","7"
"2026-01-05 23:53:27","pdf","中地域","09_自治会世帯数__江東地区","bar","n11-15__w7h5__bw0.5","C:/Users/pirat/Documents/MikkabiLab_population_analysis/figures/自治会/2025/jichikai_20260105_234828/pdf/中地域/bar/09_自治会世帯数__江東地区__bar.pdf","7","5"
"2026-01-05 23:53:27","pdf","中地域","09_自治会世帯数__江東地区","pie","fixed__w7h7__top5","C:/Users/pirat/Documents/MikkabiLab_population_analysis/figures/自治会/2025/jichikai_20260105_234828/pdf/中地域/pie/09_自治会世帯数__江東地区__pie.pdf","7","7"
"2026-01-05 23:53:27","png","中地域","09_自治会世帯数__江東地区","bar","n11-15__w7h5__bw0.5","C:/Users/pirat/Documents/MikkabiLab_population_analysis/figures/自治会/2025/jichikai_20260105_234828/png/中地域/bar/09_自治会世帯数__江東地区__bar.png","7","5"
"2026-01-05 23:53:27","png","中地域","09_自治会世帯数__江東地区","pie","fixed__w7h7__top5","C:/Users/pirat/Documents/MikkabiLab_population_analysis/figures/自治会/2025/jichikai_20260105_234828/png/中地域/pie/09_自治会世帯数__江東地区__pie.png","7","7"
"2026-01-05 23:53:27","svg","中地域","09_自治会世帯数__江東地区","bar","n11-15__w7h5__bw0.5","C:/Users/pirat/Documents/MikkabiLab_population_analysis/figures/自治会/2025/jichikai_20260105_234828/svg/中地域/bar/09_自治会世帯数__江東地区__bar.svg","7","5"
"2026-01-05 23:53:27","svg","中地域","09_自治会世帯数__江東地区","pie","fixed__w7h7__top5","C:/Users/pirat/Documents/MikkabiLab_population_analysis/figures/自治会/2025/jichikai_20260105_234828/svg/中地域/pie/09_自治会世帯数__江東地区__pie.svg","7","7"
"2026-01-05 23:53:27","eps","中地域","09_自治会世帯数__江東地区","bar","n11-15__w7h5__bw0.5","C:/Users/pirat/Documents/MikkabiLab_population_analysis/figures/自治会/2025/jichikai_20260105_234828/eps/中地域/bar/09_自治会世帯数__江東地区__bar.eps","7","5"
"2026-01-05 23:53:27","eps","中地域","09_自治会世帯数__江東地区","pie","fixed__w7h7__top5","C:/Users/pirat/Documents/MikkabiLab_population_analysis/figures/自治会/2025/jichikai_20260105_234828/eps/中地域/pie/09_自治会世帯数__江東地区__pie.eps","7","7"
"2026-01-05 23:53:35","pdf","中地域","10_自治会世帯数__江西地区","bar","n06-10__w7h3__bw0.5","C:/Users/pirat/Documents/MikkabiLab_population_analysis/figures/自治会/2025/jichikai_20260105_234828/pdf/中地域/bar/10_自治会世帯数__江西地区__bar.pdf","7","4"
"2026-01-05 23:53:35","pdf","中地域","10_自治会世帯数__江西地区","pie","fixed__w7h7__top5","C:/Users/pirat/Documents/MikkabiLab_population_analysis/figures/自治会/2025/jichikai_20260105_234828/pdf/中地域/pie/10_自治会世帯数__江西地区__pie.pdf","7","7"
"2026-01-05 23:53:35","png","中地域","10_自治会世帯数__江西地区","bar","n06-10__w7h3__bw0.5","C:/Users/pirat/Documents/MikkabiLab_population_analysis/figures/自治会/2025/jichikai_20260105_234828/png/中地域/bar/10_自治会世帯数__江西地区__bar.png","7","4"
"2026-01-05 23:53:35","png","中地域","10_自治会世帯数__江西地区","pie","fixed__w7h7__top5","C:/Users/pirat/Documents/MikkabiLab_population_analysis/figures/自治会/2025/jichikai_20260105_234828/png/中地域/pie/10_自治会世帯数__江西地区__pie.png","7","7"
"2026-01-05 23:53:35","svg","中地域","10_自治会世帯数__江西地区","bar","n06-10__w7h3__bw0.5","C:/Users/pirat/Documents/MikkabiLab_population_analysis/figures/自治会/2025/jichikai_20260105_234828/svg/中地域/bar/10_自治会世帯数__江西地区__bar.svg","7","4"
"2026-01-05 23:53:35","svg","中地域","10_自治会世帯数__江西地区","pie","fixed__w7h7__top5","C:/Users/pirat/Documents/MikkabiLab_population_analysis/figures/自治会/2025/jichikai_20260105_234828/svg/中地域/pie/10_自治会世帯数__江西地区__pie.svg","7","7"
"2026-01-05 23:53:35","eps","中地域","10_自治会世帯数__江西地区","bar","n06-10__w7h3__bw0.5","C:/Users/pirat/Documents/MikkabiLab_population_analysis/figures/自治会/2025/jichikai_20260105_234828/eps/中地域/bar/10_自治会世帯数__江西地区__bar.eps","7","4"
"2026-01-05 23:53:35","eps","中地域","10_自治会世帯数__江西地区","pie","fixed__w7h7__top5","C:/Users/pirat/Documents/MikkabiLab_population_analysis/figures/自治会/2025/jichikai_20260105_234828/eps/中地域/pie/10_自治会世帯数__江西地区__pie.eps","7","7"
"2026-01-05 23:53:44","pdf","中地域","11_自治会世帯数__県居地区","bar","n06-10__w7h3__bw0.5","C:/Users/pirat/Documents/MikkabiLab_population_analysis/figures/自治会/2025/jichikai_20260105_234828/pdf/中地域/bar/11_自治会世帯数__県居地区__bar.pdf","7","4"
"2026-01-05 23:53:44","pdf","中地域","11_自治会世帯数__県居地区","pie","fixed__w7h7__top5","C:/Users/pirat/Documents/MikkabiLab_population_analysis/figures/自治会/2025/jichikai_20260105_234828/pdf/中地域/pie/11_自治会世帯数__県居地区__pie.pdf","7","7"
"2026-01-05 23:53:44","png","中地域","11_自治会世帯数__県居地区","bar","n06-10__w7h3__bw0.5","C:/Users/pirat/Documents/MikkabiLab_population_analysis/figures/自治会/2025/jichikai_20260105_234828/png/中地域/bar/11_自治会世帯数__県居地区__bar.png","7","4"
"2026-01-05 23:53:44","png","中地域","11_自治会世帯数__県居地区","pie","fixed__w7h7__top5","C:/Users/pirat/Documents/MikkabiLab_population_analysis/figures/自治会/2025/jichikai_20260105_234828/png/中地域/pie/11_自治会世帯数__県居地区__pie.png","7","7"
"2026-01-05 23:53:44","svg","中地域","11_自治会世帯数__県居地区","bar","n06-10__w7h3__bw0.5","C:/Users/pirat/Documents/MikkabiLab_population_analysis/figures/自治会/2025/jichikai_20260105_234828/svg/中地域/bar/11_自治会世帯数__県居地区__bar.svg","7","4"
"2026-01-05 23:53:44","svg","中地域","11_自治会世帯数__県居地区","pie","fixed__w7h7__top5","C:/Users/pirat/Documents/MikkabiLab_population_analysis/figures/自治会/2025/jichikai_20260105_234828/svg/中地域/pie/11_自治会世帯数__県居地区__pie.svg","7","7"
"2026-01-05 23:53:44","eps","中地域","11_自治会世帯数__県居地区","bar","n06-10__w7h3__bw0.5","C:/Users/pirat/Documents/MikkabiLab_population_analysis/figures/自治会/2025/jichikai_20260105_234828/eps/中地域/bar/11_自治会世帯数__県居地区__bar.eps","7","4"
"2026-01-05 23:53:44","eps","中地域","11_自治会世帯数__県居地区","pie","fixed__w7h7__top5","C:/Users/pirat/Documents/MikkabiLab_population_analysis/figures/自治会/2025/jichikai_20260105_234828/eps/中地域/pie/11_自治会世帯数__県居地区__pie.eps","7","7"
"2026-01-05 23:53:55","pdf","中地域","12_自治会世帯数__萩丘地区","bar","n11-15__w7h5__bw0.5","C:/Users/pirat/Documents/MikkabiLab_population_analysis/figures/自治会/2025/jichikai_20260105_234828/pdf/中地域/bar/12_自治会世帯数__萩丘地区__bar.pdf","7","5"
"2026-01-05 23:53:55","pdf","中地域","12_自治会世帯数__萩丘地区","pie","fixed__w7h7__top5","C:/Users/pirat/Documents/MikkabiLab_population_analysis/figures/自治会/2025/jichikai_20260105_234828/pdf/中地域/pie/12_自治会世帯数__萩丘地区__pie.pdf","7","7"
"2026-01-05 23:53:55","png","中地域","12_自治会世帯数__萩丘地区","bar","n11-15__w7h5__bw0.5","C:/Users/pirat/Documents/MikkabiLab_population_analysis/figures/自治会/2025/jichikai_20260105_234828/png/中地域/bar/12_自治会世帯数__萩丘地区__bar.png","7","5"
"2026-01-05 23:53:55","png","中地域","12_自治会世帯数__萩丘地区","pie","fixed__w7h7__top5","C:/Users/pirat/Documents/MikkabiLab_population_analysis/figures/自治会/2025/jichikai_20260105_234828/png/中地域/pie/12_自治会世帯数__萩丘地区__pie.png","7","7"
"2026-01-05 23:53:55","svg","中地域","12_自治会世帯数__萩丘地区","bar","n11-15__w7h5__bw0.5","C:/Users/pirat/Documents/MikkabiLab_population_analysis/figures/自治会/2025/jichikai_20260105_234828/svg/中地域/bar/12_自治会世帯数__萩丘地区__bar.svg","7","5"
"2026-01-05 23:53:55","svg","中地域","12_自治会世帯数__萩丘地区","pie","fixed__w7h7__top5","C:/Users/pirat/Documents/MikkabiLab_population_analysis/figures/自治会/2025/jichikai_20260105_234828/svg/中地域/pie/12_自治会世帯数__萩丘地区__pie.svg","7","7"
"2026-01-05 23:53:55","eps","中地域","12_自治会世帯数__萩丘地区","bar","n11-15__w7h5__bw0.5","C:/Users/pirat/Documents/MikkabiLab_population_analysis/figures/自治会/2025/jichikai_20260105_234828/eps/中地域/bar/12_自治会世帯数__萩丘地区__bar.eps","7","5"
"2026-01-05 23:53:55","eps","中地域","12_自治会世帯数__萩丘地区","pie","fixed__w7h7__top5","C:/Users/pirat/Documents/MikkabiLab_population_analysis/figures/自治会/2025/jichikai_20260105_234828/eps/中地域/pie/12_自治会世帯数__萩丘地区__pie.eps","7","7"
"2026-01-05 23:54:06","pdf","中地域","13_自治会世帯数__西地区","bar","n06-10__w7h3__bw0.5","C:/Users/pirat/Documents/MikkabiLab_population_analysis/figures/自治会/2025/jichikai_20260105_234828/pdf/中地域/bar/13_自治会世帯数__西地区__bar.pdf","7","4"
"2026-01-05 23:54:06","pdf","中地域","13_自治会世帯数__西地区","pie","fixed__w7h7__top5","C:/Users/pirat/Documents/MikkabiLab_population_analysis/figures/自治会/2025/jichikai_20260105_234828/pdf/中地域/pie/13_自治会世帯数__西地区__pie.pdf","7","7"
"2026-01-05 23:54:06","png","中地域","13_自治会世帯数__西地区","bar","n06-10__w7h3__bw0.5","C:/Users/pirat/Documents/MikkabiLab_population_analysis/figures/自治会/2025/jichikai_20260105_234828/png/中地域/bar/13_自治会世帯数__西地区__bar.png","7","4"
"2026-01-05 23:54:06","png","中地域","13_自治会世帯数__西地区","pie","fixed__w7h7__top5","C:/Users/pirat/Documents/MikkabiLab_population_analysis/figures/自治会/2025/jichikai_20260105_234828/png/中地域/pie/13_自治会世帯数__西地区__pie.png","7","7"
"2026-01-05 23:54:06","svg","中地域","13_自治会世帯数__西地区","bar","n06-10__w7h3__bw0.5","C:/Users/pirat/Documents/MikkabiLab_population_analysis/figures/自治会/2025/jichikai_20260105_234828/svg/中地域/bar/13_自治会世帯数__西地区__bar.svg","7","4"
"2026-01-05 23:54:06","svg","中地域","13_自治会世帯数__西地区","pie","fixed__w7h7__top5","C:/Users/pirat/Documents/MikkabiLab_population_analysis/figures/自治会/2025/jichikai_20260105_234828/svg/中地域/pie/13_自治会世帯数__西地区__pie.svg","7","7"
"2026-01-05 23:54:06","eps","中地域","13_自治会世帯数__西地区","bar","n06-10__w7h3__bw0.5","C:/Users/pirat/Documents/MikkabiLab_population_analysis/figures/自治会/2025/jichikai_20260105_234828/eps/中地域/bar/13_自治会世帯数__西地区__bar.eps","7","4"
"2026-01-05 23:54:06","eps","中地域","13_自治会世帯数__西地区","pie","fixed__w7h7__top5","C:/Users/pirat/Documents/MikkabiLab_population_analysis/figures/自治会/2025/jichikai_20260105_234828/eps/中地域/pie/13_自治会世帯数__西地区__pie.eps","7","7"
"2026-01-05 23:54:16","pdf","中地域","14_自治会世帯数__駅南地区","bar","n11-15__w7h5__bw0.5","C:/Users/pirat/Documents/MikkabiLab_population_analysis/figures/自治会/2025/jichikai_20260105_234828/pdf/中地域/bar/14_自治会世帯数__駅南地区__bar.pdf","7","5"
"2026-01-05 23:54:16","pdf","中地域","14_自治会世帯数__駅南地区","pie","fixed__w7h7__top5","C:/Users/pirat/Documents/MikkabiLab_population_analysis/figures/自治会/2025/jichikai_20260105_234828/pdf/中地域/pie/14_自治会世帯数__駅南地区__pie.pdf","7","7"
"2026-01-05 23:54:16","png","中地域","14_自治会世帯数__駅南地区","bar","n11-15__w7h5__bw0.5","C:/Users/pirat/Documents/MikkabiLab_population_analysis/figures/自治会/2025/jichikai_20260105_234828/png/中地域/bar/14_自治会世帯数__駅南地区__bar.png","7","5"
"2026-01-05 23:54:16","png","中地域","14_自治会世帯数__駅南地区","pie","fixed__w7h7__top5","C:/Users/pirat/Documents/MikkabiLab_population_analysis/figures/自治会/2025/jichikai_20260105_234828/png/中地域/pie/14_自治会世帯数__駅南地区__pie.png","7","7"
"2026-01-05 23:54:16","svg","中地域","14_自治会世帯数__駅南地区","bar","n11-15__w7h5__bw0.5","C:/Users/pirat/Documents/MikkabiLab_population_analysis/figures/自治会/2025/jichikai_20260105_234828/svg/中地域/bar/14_自治会世帯数__駅南地区__bar.svg","7","5"
"2026-01-05 23:54:16","svg","中地域","14_自治会世帯数__駅南地区","pie","fixed__w7h7__top5","C:/Users/pirat/Documents/MikkabiLab_population_analysis/figures/自治会/2025/jichikai_20260105_234828/svg/中地域/pie/14_自治会世帯数__駅南地区__pie.svg","7","7"
"2026-01-05 23:54:16","eps","中地域","14_自治会世帯数__駅南地区","bar","n11-15__w7h5__bw0.5","C:/Users/pirat/Documents/MikkabiLab_population_analysis/figures/自治会/2025/jichikai_20260105_234828/eps/中地域/bar/14_自治会世帯数__駅南地区__bar.eps","7","5"
"2026-01-05 23:54:16","eps","中地域","14_自治会世帯数__駅南地区","pie","fixed__w7h7__top5","C:/Users/pirat/Documents/MikkabiLab_population_analysis/figures/自治会/2025/jichikai_20260105_234828/eps/中地域/pie/14_自治会世帯数__駅南地区__pie.eps","7","7"
"2026-01-05 23:54:26","pdf","浜北地域","01_自治会世帯数__麁玉地区","bar","n11-15__w7h5__bw0.5","C:/Users/pirat/Documents/MikkabiLab_population_analysis/figures/自治会/2025/jichikai_20260105_234828/pdf/浜北地域/bar/01_自治会世帯数__麁玉地区__bar.pdf","7","5"
"2026-01-05 23:54:26","pdf","浜北地域","01_自治会世帯数__麁玉地区","pie","fixed__w7h7__top5","C:/Users/pirat/Documents/MikkabiLab_population_analysis/figures/自治会/2025/jichikai_20260105_234828/pdf/浜北地域/pie/01_自治会世帯数__麁玉地区__pie.pdf","7","7"
"2026-01-05 23:54:26","png","浜北地域","01_自治会世帯数__麁玉地区","bar","n11-15__w7h5__bw0.5","C:/Users/pirat/Documents/MikkabiLab_population_analysis/figures/自治会/2025/jichikai_20260105_234828/png/浜北地域/bar/01_自治会世帯数__麁玉地区__bar.png","7","5"
"2026-01-05 23:54:26","png","浜北地域","01_自治会世帯数__麁玉地区","pie","fixed__w7h7__top5","C:/Users/pirat/Documents/MikkabiLab_population_analysis/figures/自治会/2025/jichikai_20260105_234828/png/浜北地域/pie/01_自治会世帯数__麁玉地区__pie.png","7","7"
"2026-01-05 23:54:26","svg","浜北地域","01_自治会世帯数__麁玉地区","bar","n11-15__w7h5__bw0.5","C:/Users/pirat/Documents/MikkabiLab_population_analysis/figures/自治会/2025/jichikai_20260105_234828/svg/浜北地域/bar/01_自治会世帯数__麁玉地区__bar.svg","7","5"
"2026-01-05 23:54:26","svg","浜北地域","01_自治会世帯数__麁玉地区","pie","fixed__w7h7__top5","C:/Users/pirat/Documents/MikkabiLab_population_analysis/figures/自治会/2025/jichikai_20260105_234828/svg/浜北地域/pie/01_自治会世帯数__麁玉地区__pie.svg","7","7"
"2026-01-05 23:54:26","eps","浜北地域","01_自治会世帯数__麁玉地区","bar","n11-15__w7h5__bw0.5","C:/Users/pirat/Documents/MikkabiLab_population_analysis/figures/自治会/2025/jichikai_20260105_234828/eps/浜北地域/bar/01_自治会世帯数__麁玉地区__bar.eps","7","5"
"2026-01-05 23:54:26","eps","浜北地域","01_自治会世帯数__麁玉地区","pie","fixed__w7h7__top5","C:/Users/pirat/Documents/MikkabiLab_population_analysis/figures/自治会/2025/jichikai_20260105_234828/eps/浜北地域/pie/01_自治会世帯数__麁玉地区__pie.eps","7","7"
"2026-01-05 23:54:35","pdf","浜北地域","02_自治会世帯数__赤佐地区","bar","n06-10__w7h3__bw0.5","C:/Users/pirat/Documents/MikkabiLab_population_analysis/figures/自治会/2025/jichikai_20260105_234828/pdf/浜北地域/bar/02_自治会世帯数__赤佐地区__bar.pdf","7","4"
"2026-01-05 23:54:35","pdf","浜北地域","02_自治会世帯数__赤佐地区","pie","fixed__w7h7__top5","C:/Users/pirat/Documents/MikkabiLab_population_analysis/figures/自治会/2025/jichikai_20260105_234828/pdf/浜北地域/pie/02_自治会世帯数__赤佐地区__pie.pdf","7","7"
"2026-01-05 23:54:35","png","浜北地域","02_自治会世帯数__赤佐地区","bar","n06-10__w7h3__bw0.5","C:/Users/pirat/Documents/MikkabiLab_population_analysis/figures/自治会/2025/jichikai_20260105_234828/png/浜北地域/bar/02_自治会世帯数__赤佐地区__bar.png","7","4"
"2026-01-05 23:54:35","png","浜北地域","02_自治会世帯数__赤佐地区","pie","fixed__w7h7__top5","C:/Users/pirat/Documents/MikkabiLab_population_analysis/figures/自治会/2025/jichikai_20260105_234828/png/浜北地域/pie/02_自治会世帯数__赤佐地区__pie.png","7","7"
"2026-01-05 23:54:35","svg","浜北地域","02_自治会世帯数__赤佐地区","bar","n06-10__w7h3__bw0.5","C:/Users/pirat/Documents/MikkabiLab_population_analysis/figures/自治会/2025/jichikai_20260105_234828/svg/浜北地域/bar/02_自治会世帯数__赤佐地区__bar.svg","7","4"
"2026-01-05 23:54:35","svg","浜北地域","02_自治会世帯数__赤佐地区","pie","fixed__w7h7__top5","C:/Users/pirat/Documents/MikkabiLab_population_analysis/figures/自治会/2025/jichikai_20260105_234828/svg/浜北地域/pie/02_自治会世帯数__赤佐地区__pie.svg","7","7"
"2026-01-05 23:54:35","eps","浜北地域","02_自治会世帯数__赤佐地区","bar","n06-10__w7h3__bw0.5","C:/Users/pirat/Documents/MikkabiLab_population_analysis/figures/自治会/2025/jichikai_20260105_234828/eps/浜北地域/bar/02_自治会世帯数__赤佐地区__bar.eps","7","4"
"2026-01-05 23:54:35","eps","浜北地域","02_自治会世帯数__赤佐地区","pie","fixed__w7h7__top5","C:/Users/pirat/Documents/MikkabiLab_population_analysis/figures/自治会/2025/jichikai_20260105_234828/eps/浜北地域/pie/02_自治会世帯数__赤佐地区__pie.eps","7","7"
"2026-01-05 23:54:48","pdf","浜北地域","03_自治会世帯数__中瀬地区","bar","n06-10__w7h3__bw0.5","C:/Users/pirat/Documents/MikkabiLab_population_analysis/figures/自治会/2025/jichikai_20260105_234828/pdf/浜北地域/bar/03_自治会世帯数__中瀬地区__bar.pdf","7","4"
"2026-01-05 23:54:48","pdf","浜北地域","03_自治会世帯数__中瀬地区","pie","fixed__w7h7__top5","C:/Users/pirat/Documents/MikkabiLab_population_analysis/figures/自治会/2025/jichikai_20260105_234828/pdf/浜北地域/pie/03_自治会世帯数__中瀬地区__pie.pdf","7","7"
"2026-01-05 23:54:48","png","浜北地域","03_自治会世帯数__中瀬地区","bar","n06-10__w7h3__bw0.5","C:/Users/pirat/Documents/MikkabiLab_population_analysis/figures/自治会/2025/jichikai_20260105_234828/png/浜北地域/bar/03_自治会世帯数__中瀬地区__bar.png","7","4"
"2026-01-05 23:54:48","png","浜北地域","03_自治会世帯数__中瀬地区","pie","fixed__w7h7__top5","C:/Users/pirat/Documents/MikkabiLab_population_analysis/figures/自治会/2025/jichikai_20260105_234828/png/浜北地域/pie/03_自治会世帯数__中瀬地区__pie.png","7","7"
"2026-01-05 23:54:48","svg","浜北地域","03_自治会世帯数__中瀬地区","bar","n06-10__w7h3__bw0.5","C:/Users/pirat/Documents/MikkabiLab_population_analysis/figures/自治会/2025/jichikai_20260105_234828/svg/浜北地域/bar/03_自治会世帯数__中瀬地区__bar.svg","7","4"
"2026-01-05 23:54:48","svg","浜北地域","03_自治会世帯数__中瀬地区","pie","fixed__w7h7__top5","C:/Users/pirat/Documents/MikkabiLab_population_analysis/figures/自治会/2025/jichikai_20260105_234828/svg/浜北地域/pie/03_自治会世帯数__中瀬地区__pie.svg","7","7"
"2026-01-05 23:54:48","eps","浜北地域","03_自治会世帯数__中瀬地区","bar","n06-10__w7h3__bw0.5","C:/Users/pirat/Documents/MikkabiLab_population_analysis/figures/自治会/2025/jichikai_20260105_234828/eps/浜北地域/bar/03_自治会世帯数__中瀬地区__bar.eps","7","4"
"2026-01-05 23:54:48","eps","浜北地域","03_自治会世帯数__中瀬地区","pie","fixed__w7h7__top5","C:/Users/pirat/Documents/MikkabiLab_population_analysis/figures/自治会/2025/jichikai_20260105_234828/eps/浜北地域/pie/03_自治会世帯数__中瀬地区__pie.eps","7","7"
"2026-01-05 23:54:59","pdf","浜北地域","04_自治会世帯数__浜名地区","bar","n06-10__w7h3__bw0.5","C:/Users/pirat/Documents/MikkabiLab_population_analysis/figures/自治会/2025/jichikai_20260105_234828/pdf/浜北地域/bar/04_自治会世帯数__浜名地区__bar.pdf","7","4"
"2026-01-05 23:54:59","pdf","浜北地域","04_自治会世帯数__浜名地区","pie","fixed__w7h7__top5","C:/Users/pirat/Documents/MikkabiLab_population_analysis/figures/自治会/2025/jichikai_20260105_234828/pdf/浜北地域/pie/04_自治会世帯数__浜名地区__pie.pdf","7","7"
"2026-01-05 23:54:59","png","浜北地域","04_自治会世帯数__浜名地区","bar","n06-10__w7h3__bw0.5","C:/Users/pirat/Documents/MikkabiLab_population_analysis/figures/自治会/2025/jichikai_20260105_234828/png/浜北地域/bar/04_自治会世帯数__浜名地区__bar.png","7","4"
"2026-01-05 23:54:59","png","浜北地域","04_自治会世帯数__浜名地区","pie","fixed__w7h7__top5","C:/Users/pirat/Documents/MikkabiLab_population_analysis/figures/自治会/2025/jichikai_20260105_234828/png/浜北地域/pie/04_自治会世帯数__浜名地区__pie.png","7","7"
"2026-01-05 23:54:59","svg","浜北地域","04_自治会世帯数__浜名地区","bar","n06-10__w7h3__bw0.5","C:/Users/pirat/Documents/MikkabiLab_population_analysis/figures/自治会/2025/jichikai_20260105_234828/svg/浜北地域/bar/04_自治会世帯数__浜名地区__bar.svg","7","4"
"2026-01-05 23:54:59","svg","浜北地域","04_自治会世帯数__浜名地区","pie","fixed__w7h7__top5","C:/Users/pirat/Documents/MikkabiLab_population_analysis/figures/自治会/2025/jichikai_20260105_234828/svg/浜北地域/pie/04_自治会世帯数__浜名地区__pie.svg","7","7"
"2026-01-05 23:54:59","eps","浜北地域","04_自治会世帯数__浜名地区","bar","n06-10__w7h3__bw0.5","C:/Users/pirat/Documents/MikkabiLab_population_analysis/figures/自治会/2025/jichikai_20260105_234828/eps/浜北地域/bar/04_自治会世帯数__浜名地区__bar.eps","7","4"
"2026-01-05 23:54:59","eps","浜北地域","04_自治会世帯数__浜名地区","pie","fixed__w7h7__top5","C:/Users/pirat/Documents/MikkabiLab_population_analysis/figures/自治会/2025/jichikai_20260105_234828/eps/浜北地域/pie/04_自治会世帯数__浜名地区__pie.eps","7","7"
"2026-01-05 23:55:07","pdf","浜北地域","05_自治会世帯数__北浜地区","bar","default__w7h7","C:/Users/pirat/Documents/MikkabiLab_population_analysis/figures/自治会/2025/jichikai_20260105_234828/pdf/浜北地域/bar/05_自治会世帯数__北浜地区__bar.pdf","7","6"
"2026-01-05 23:55:07","pdf","浜北地域","05_自治会世帯数__北浜地区","pie","fixed__w7h7__top5","C:/Users/pirat/Documents/MikkabiLab_population_analysis/figures/自治会/2025/jichikai_20260105_234828/pdf/浜北地域/pie/05_自治会世帯数__北浜地区__pie.pdf","7","7"
"2026-01-05 23:55:07","png","浜北地域","05_自治会世帯数__北浜地区","bar","default__w7h7","C:/Users/pirat/Documents/MikkabiLab_population_analysis/figures/自治会/2025/jichikai_20260105_234828/png/浜北地域/bar/05_自治会世帯数__北浜地区__bar.png","7","6"
"2026-01-05 23:55:07","png","浜北地域","05_自治会世帯数__北浜地区","pie","fixed__w7h7__top5","C:/Users/pirat/Documents/MikkabiLab_population_analysis/figures/自治会/2025/jichikai_20260105_234828/png/浜北地域/pie/05_自治会世帯数__北浜地区__pie.png","7","7"
"2026-01-05 23:55:07","svg","浜北地域","05_自治会世帯数__北浜地区","bar","default__w7h7","C:/Users/pirat/Documents/MikkabiLab_population_analysis/figures/自治会/2025/jichikai_20260105_234828/svg/浜北地域/bar/05_自治会世帯数__北浜地区__bar.svg","7","6"
"2026-01-05 23:55:07","svg","浜北地域","05_自治会世帯数__北浜地区","pie","fixed__w7h7__top5","C:/Users/pirat/Documents/MikkabiLab_population_analysis/figures/自治会/2025/jichikai_20260105_234828/svg/浜北地域/pie/05_自治会世帯数__北浜地区__pie.svg","7","7"
"2026-01-05 23:55:07","eps","浜北地域","05_自治会世帯数__北浜地区","bar","default__w7h7","C:/Users/pirat/Documents/MikkabiLab_population_analysis/figures/自治会/2025/jichikai_20260105_234828/eps/浜北地域/bar/05_自治会世帯数__北浜地区__bar.eps","7","6"
"2026-01-05 23:55:07","eps","浜北地域","05_自治会世帯数__北浜地区","pie","fixed__w7h7__top5","C:/Users/pirat/Documents/MikkabiLab_population_analysis/figures/自治会/2025/jichikai_20260105_234828/eps/浜北地域/pie/05_自治会世帯数__北浜地区__pie.eps","7","7"
"2026-01-05 23:55:17","pdf","天竜地域","01_自治会世帯数__天竜地区","bar","n50plus__w7h7__bw0.5__smalltext","C:/Users/pirat/Documents/MikkabiLab_population_analysis/figures/自治会/2025/jichikai_20260105_234828/pdf/天竜地域/bar/01_自治会世帯数__天竜地区__bar.pdf","7","8"
"2026-01-05 23:55:17","pdf","天竜地域","01_自治会世帯数__天竜地区","pie","fixed__w7h7__top5","C:/Users/pirat/Documents/MikkabiLab_population_analysis/figures/自治会/2025/jichikai_20260105_234828/pdf/天竜地域/pie/01_自治会世帯数__天竜地区__pie.pdf","7","7"
"2026-01-05 23:55:17","png","天竜地域","01_自治会世帯数__天竜地区","bar","n50plus__w7h7__bw0.5__smalltext","C:/Users/pirat/Documents/MikkabiLab_population_analysis/figures/自治会/2025/jichikai_20260105_234828/png/天竜地域/bar/01_自治会世帯数__天竜地区__bar.png","7","8"
"2026-01-05 23:55:17","png","天竜地域","01_自治会世帯数__天竜地区","pie","fixed__w7h7__top5","C:/Users/pirat/Documents/MikkabiLab_population_analysis/figures/自治会/2025/jichikai_20260105_234828/png/天竜地域/pie/01_自治会世帯数__天竜地区__pie.png","7","7"
"2026-01-05 23:55:17","svg","天竜地域","01_自治会世帯数__天竜地区","bar","n50plus__w7h7__bw0.5__smalltext","C:/Users/pirat/Documents/MikkabiLab_population_analysis/figures/自治会/2025/jichikai_20260105_234828/svg/天竜地域/bar/01_自治会世帯数__天竜地区__bar.svg","7","8"
"2026-01-05 23:55:17","svg","天竜地域","01_自治会世帯数__天竜地区","pie","fixed__w7h7__top5","C:/Users/pirat/Documents/MikkabiLab_population_analysis/figures/自治会/2025/jichikai_20260105_234828/svg/天竜地域/pie/01_自治会世帯数__天竜地区__pie.svg","7","7"
"2026-01-05 23:55:17","eps","天竜地域","01_自治会世帯数__天竜地区","bar","n50plus__w7h7__bw0.5__smalltext","C:/Users/pirat/Documents/MikkabiLab_population_analysis/figures/自治会/2025/jichikai_20260105_234828/eps/天竜地域/bar/01_自治会世帯数__天竜地区__bar.eps","7","8"
"2026-01-05 23:55:17","eps","天竜地域","01_自治会世帯数__天竜地区","pie","fixed__w7h7__top5","C:/Users/pirat/Documents/MikkabiLab_population_analysis/figures/自治会/2025/jichikai_20260105_234828/eps/天竜地域/pie/01_自治会世帯数__天竜地区__pie.eps","7","7"
"2026-01-05 23:55:28","pdf","天竜地域","02_自治会世帯数__春野地区","bar","default__w7h7","C:/Users/pirat/Documents/MikkabiLab_population_analysis/figures/自治会/2025/jichikai_20260105_234828/pdf/天竜地域/bar/02_自治会世帯数__春野地区__bar.pdf","7","6"
"2026-01-05 23:55:28","pdf","天竜地域","02_自治会世帯数__春野地区","pie","fixed__w7h7__top5","C:/Users/pirat/Documents/MikkabiLab_population_analysis/figures/自治会/2025/jichikai_20260105_234828/pdf/天竜地域/pie/02_自治会世帯数__春野地区__pie.pdf","7","7"
"2026-01-05 23:55:28","png","天竜地域","02_自治会世帯数__春野地区","bar","default__w7h7","C:/Users/pirat/Documents/MikkabiLab_population_analysis/figures/自治会/2025/jichikai_20260105_234828/png/天竜地域/bar/02_自治会世帯数__春野地区__bar.png","7","6"
"2026-01-05 23:55:28","png","天竜地域","02_自治会世帯数__春野地区","pie","fixed__w7h7__top5","C:/Users/pirat/Documents/MikkabiLab_population_analysis/figures/自治会/2025/jichikai_20260105_234828/png/天竜地域/pie/02_自治会世帯数__春野地区__pie.png","7","7"
"2026-01-05 23:55:28","svg","天竜地域","02_自治会世帯数__春野地区","bar","default__w7h7","C:/Users/pirat/Documents/MikkabiLab_population_analysis/figures/自治会/2025/jichikai_20260105_234828/svg/天竜地域/bar/02_自治会世帯数__春野地区__bar.svg","7","6"
"2026-01-05 23:55:28","svg","天竜地域","02_自治会世帯数__春野地区","pie","fixed__w7h7__top5","C:/Users/pirat/Documents/MikkabiLab_population_analysis/figures/自治会/2025/jichikai_20260105_234828/svg/天竜地域/pie/02_自治会世帯数__春野地区__pie.svg","7","7"
"2026-01-05 23:55:28","eps","天竜地域","02_自治会世帯数__春野地区","bar","default__w7h7","C:/Users/pirat/Documents/MikkabiLab_population_analysis/figures/自治会/2025/jichikai_20260105_234828/eps/天竜地域/bar/02_自治会世帯数__春野地区__bar.eps","7","6"
"2026-01-05 23:55:28","eps","天竜地域","02_自治会世帯数__春野地区","pie","fixed__w7h7__top5","C:/Users/pirat/Documents/MikkabiLab_population_analysis/figures/自治会/2025/jichikai_20260105_234828/eps/天竜地域/pie/02_自治会世帯数__春野地区__pie.eps","7","7"
"2026-01-05 23:55:37","pdf","天竜地域","03_自治会世帯数__佐久間地区","bar","default__w7h7","C:/Users/pirat/Documents/MikkabiLab_population_analysis/figures/自治会/2025/jichikai_20260105_234828/pdf/天竜地域/bar/03_自治会世帯数__佐久間地区__bar.pdf","7","6"
"2026-01-05 23:55:37","pdf","天竜地域","03_自治会世帯数__佐久間地区","pie","fixed__w7h7__top5","C:/Users/pirat/Documents/MikkabiLab_population_analysis/figures/自治会/2025/jichikai_20260105_234828/pdf/天竜地域/pie/03_自治会世帯数__佐久間地区__pie.pdf","7","7"
"2026-01-05 23:55:37","png","天竜地域","03_自治会世帯数__佐久間地区","bar","default__w7h7","C:/Users/pirat/Documents/MikkabiLab_population_analysis/figures/自治会/2025/jichikai_20260105_234828/png/天竜地域/bar/03_自治会世帯数__佐久間地区__bar.png","7","6"
"2026-01-05 23:55:37","png","天竜地域","03_自治会世帯数__佐久間地区","pie","fixed__w7h7__top5","C:/Users/pirat/Documents/MikkabiLab_population_analysis/figures/自治会/2025/jichikai_20260105_234828/png/天竜地域/pie/03_自治会世帯数__佐久間地区__pie.png","7","7"
"2026-01-05 23:55:37","svg","天竜地域","03_自治会世帯数__佐久間地区","bar","default__w7h7","C:/Users/pirat/Documents/MikkabiLab_population_analysis/figures/自治会/2025/jichikai_20260105_234828/svg/天竜地域/bar/03_自治会世帯数__佐久間地区__bar.svg","7","6"
"2026-01-05 23:55:37","svg","天竜地域","03_自治会世帯数__佐久間地区","pie","fixed__w7h7__top5","C:/Users/pirat/Documents/MikkabiLab_population_analysis/figures/自治会/2025/jichikai_20260105_234828/svg/天竜地域/pie/03_自治会世帯数__佐久間地区__pie.svg","7","7"
"2026-01-05 23:55:37","eps","天竜地域","03_自治会世帯数__佐久間地区","bar","default__w7h7","C:/Users/pirat/Documents/MikkabiLab_population_analysis/figures/自治会/2025/jichikai_20260105_234828/eps/天竜地域/bar/03_自治会世帯数__佐久間地区__bar.eps","7","6"
"2026-01-05 23:55:37","eps","天竜地域","03_自治会世帯数__佐久間地区","pie","fixed__w7h7__top5","C:/Users/pirat/Documents/MikkabiLab_population_analysis/figures/自治会/2025/jichikai_20260105_234828/eps/天竜地域/pie/03_自治会世帯数__佐久間地区__pie.eps","7","7"
"2026-01-05 23:55:46","pdf","天竜地域","04_自治会世帯数__水窪地区","bar","n11-15__w7h5__bw0.5","C:/Users/pirat/Documents/MikkabiLab_population_analysis/figures/自治会/2025/jichikai_20260105_234828/pdf/天竜地域/bar/04_自治会世帯数__水窪地区__bar.pdf","7","5"
"2026-01-05 23:55:46","pdf","天竜地域","04_自治会世帯数__水窪地区","pie","fixed__w7h7__top5","C:/Users/pirat/Documents/MikkabiLab_population_analysis/figures/自治会/2025/jichikai_20260105_234828/pdf/天竜地域/pie/04_自治会世帯数__水窪地区__pie.pdf","7","7"
"2026-01-05 23:55:46","png","天竜地域","04_自治会世帯数__水窪地区","bar","n11-15__w7h5__bw0.5","C:/Users/pirat/Documents/MikkabiLab_population_analysis/figures/自治会/2025/jichikai_20260105_234828/png/天竜地域/bar/04_自治会世帯数__水窪地区__bar.png","7","5"
"2026-01-05 23:55:46","png","天竜地域","04_自治会世帯数__水窪地区","pie","fixed__w7h7__top5","C:/Users/pirat/Documents/MikkabiLab_population_analysis/figures/自治会/2025/jichikai_20260105_234828/png/天竜地域/pie/04_自治会世帯数__水窪地区__pie.png","7","7"
"2026-01-05 23:55:46","svg","天竜地域","04_自治会世帯数__水窪地区","bar","n11-15__w7h5__bw0.5","C:/Users/pirat/Documents/MikkabiLab_population_analysis/figures/自治会/2025/jichikai_20260105_234828/svg/天竜地域/bar/04_自治会世帯数__水窪地区__bar.svg","7","5"
"2026-01-05 23:55:46","svg","天竜地域","04_自治会世帯数__水窪地区","pie","fixed__w7h7__top5","C:/Users/pirat/Documents/MikkabiLab_population_analysis/figures/自治会/2025/jichikai_20260105_234828/svg/天竜地域/pie/04_自治会世帯数__水窪地区__pie.svg","7","7"
"2026-01-05 23:55:46","eps","天竜地域","04_自治会世帯数__水窪地区","bar","n11-15__w7h5__bw0.5","C:/Users/pirat/Documents/MikkabiLab_population_analysis/figures/自治会/2025/jichikai_20260105_234828/eps/天竜地域/bar/04_自治会世帯数__水窪地区__bar.eps","7","5"
"2026-01-05 23:55:46","eps","天竜地域","04_自治会世帯数__水窪地区","pie","fixed__w7h7__top5","C:/Users/pirat/Documents/MikkabiLab_population_analysis/figures/自治会/2025/jichikai_20260105_234828/eps/天竜地域/pie/04_自治会世帯数__水窪地区__pie.eps","7","7"
"2026-01-05 23:55:56","pdf","天竜地域","05_自治会世帯数__龍山地区","bar","n06-10__w7h3__bw0.5","C:/Users/pirat/Documents/MikkabiLab_population_analysis/figures/自治会/2025/jichikai_20260105_234828/pdf/天竜地域/bar/05_自治会世帯数__龍山地区__bar.pdf","7","4"
"2026-01-05 23:55:56","pdf","天竜地域","05_自治会世帯数__龍山地区","pie","fixed__w7h7__top5","C:/Users/pirat/Documents/MikkabiLab_population_analysis/figures/自治会/2025/jichikai_20260105_234828/pdf/天竜地域/pie/05_自治会世帯数__龍山地区__pie.pdf","7","7"
"2026-01-05 23:55:56","png","天竜地域","05_自治会世帯数__龍山地区","bar","n06-10__w7h3__bw0.5","C:/Users/pirat/Documents/MikkabiLab_population_analysis/figures/自治会/2025/jichikai_20260105_234828/png/天竜地域/bar/05_自治会世帯数__龍山地区__bar.png","7","4"
"2026-01-05 23:55:56","png","天竜地域","05_自治会世帯数__龍山地区","pie","fixed__w7h7__top5","C:/Users/pirat/Documents/MikkabiLab_population_analysis/figures/自治会/2025/jichikai_20260105_234828/png/天竜地域/pie/05_自治会世帯数__龍山地区__pie.png","7","7"
"2026-01-05 23:55:56","svg","天竜地域","05_自治会世帯数__龍山地区","bar","n06-10__w7h3__bw0.5","C:/Users/pirat/Documents/MikkabiLab_population_analysis/figures/自治会/2025/jichikai_20260105_234828/svg/天竜地域/bar/05_自治会世帯数__龍山地区__bar.svg","7","4"
"2026-01-05 23:55:56","svg","天竜地域","05_自治会世帯数__龍山地区","pie","fixed__w7h7__top5","C:/Users/pirat/Documents/MikkabiLab_population_analysis/figures/自治会/2025/jichikai_20260105_234828/svg/天竜地域/pie/05_自治会世帯数__龍山地区__pie.svg","7","7"
"2026-01-05 23:55:56","eps","天竜地域","05_自治会世帯数__龍山地区","bar","n06-10__w7h3__bw0.5","C:/Users/pirat/Documents/MikkabiLab_population_analysis/figures/自治会/2025/jichikai_20260105_234828/eps/天竜地域/bar/05_自治会世帯数__龍山地区__bar.eps","7","4"
"2026-01-05 23:55:56","eps","天竜地域","05_自治会世帯数__龍山地区","pie","fixed__w7h7__top5","C:/Users/pirat/Documents/MikkabiLab_population_analysis/figures/自治会/2025/jichikai_20260105_234828/eps/天竜地域/pie/05_自治会世帯数__龍山地区__pie.eps","7","7"
